"id","file","title","extension","width","height","ratio","orientation","sizeMB","suggestedExhibition","inferredTags","priorityScore","recommendation"
"atelier-girl","画室女.png","画室女",".png","941","1672","0.56","portrait","2.05","Atelier Hours / 画室时刻","atelier","96","strong-candidate"
"blue-white-atelier-girl","蓝白画室少女.png","蓝白画室少女",".png","2160","3840","0.56","portrait","9.95","Atelier Hours / 画室时刻","mist-blue;atelier","96","strong-candidate"
"afternoon-atelier-tidying","午后画室整理时刻.png","午后画室整理时刻",".png","941","1672","0.56","portrait","2.81","Atelier Hours / 画室时刻","atelier","96","strong-candidate"
"morning-room-tidying-girl","晨间整理房间的少女.png","晨间整理房间的少女",".png","941","1672","0.56","portrait","2.2","Blue Rooms / 蓝调房间","room","96","strong-candidate"
"quiet-girl-reading-letter-by-window","窗边看信的安静少女.png","窗边看信的安静少女",".png","941","1672","0.56","portrait","2.04","Blue Rooms / 蓝调房间","review","96","strong-candidate"
"pink-rooftop","粉色天台.png","粉色天台",".png","1122","1402","0.8","portrait","1.9","Blue Rooms / 蓝调房间","soft-pink","96","strong-candidate"
"reading-corner-before-dusk","黄昏前的阅读角落.png","黄昏前的阅读角落",".png","941","1672","0.56","portrait","2.36","Blue Rooms / 蓝调房间","dusk;amber;room","96","strong-candidate"
"warm-brown-attic-library","旧书阁楼·暖棕文学.png","旧书阁楼·暖棕文学",".png","941","1672","0.56","portrait","2.02","Blue Rooms / 蓝调房间","amber;room","96","strong-candidate"
"warm-orange-dusk-rooftop","暖橙黄昏·天台风.png","暖橙黄昏·天台风",".png","941","1672","0.56","portrait","1.9","Blue Rooms / 蓝调房间","dusk;amber","96","strong-candidate"
"green-apple-kitchen-spring-afternoon","青苹果厨房·春日午后.png","青苹果厨房·春日午后",".png","941","1672","0.56","portrait","2.17","Blue Rooms / 蓝调房间","spring;kitchen","96","strong-candidate"
"morning-kitchen-sweet-daily","清晨厨房·生活感甜系.png","清晨厨房·生活感甜系",".png","941","1672","0.56","portrait","1.95","Blue Rooms / 蓝调房间","morning;kitchen","96","strong-candidate"
"morning-window-reading-room-0","清晨窗边阅读房间0.png","清晨窗边阅读房间0",".png","941","1672","0.56","portrait","2.26","Blue Rooms / 蓝调房间","morning;room","96","strong-candidate"
"morning-window-reading-room-1","清晨窗边阅读房间1.png","清晨窗边阅读房间1",".png","941","1672","0.56","portrait","2.57","Blue Rooms / 蓝调房间","morning;room","96","strong-candidate"
"cool-sky-mood","清冷天空感.png","清冷天空感",".png","941","1672","0.56","portrait","1.98","Blue Rooms / 蓝调房间","mist-blue","96","strong-candidate"
"afternoon-baking-kitchen","午后烘焙小厨房.png","午后烘焙小厨房",".png","941","1672","0.56","portrait","2.26","Blue Rooms / 蓝调房间","kitchen","96","strong-candidate"
"summer-balcony-work-corner","夏日阳台工作角.png","夏日阳台工作角",".png","941","1672","0.56","portrait","2.25","Blue Rooms / 蓝调房间","review","96","strong-candidate"
"lazy-bedroom-under-night-lights","夜晚灯串下的慵懒卧室.png","夜晚灯串下的慵懒卧室",".png","941","1672","0.56","portrait","2.11","Blue Rooms / 蓝调房间","night;room","96","strong-candidate"
"moonlight-gauze-dress-1","月光纱裙1.png","月光纱裙1",".png","941","1672","0.56","portrait","1.83","Blue Rooms / 蓝调房间","night","96","strong-candidate"
"red-shrine-fox-mask-girl-0","赤色神社 · 风铃与狐面少女0.png","赤色神社 · 风铃与狐面少女0",".png","941","1672","0.56","portrait","2.26","Distant Fables / 远方寓言","muted-red;fantasy","96","strong-candidate"
"red-shrine-fox-mask-girl-1","赤色神社 · 风铃与狐面少女1.png","赤色神社 · 风铃与狐面少女1",".png","941","1672","0.56","portrait","2.12","Distant Fables / 远方寓言","muted-red;fantasy","96","strong-candidate"
"desert-starlight-traveler","沙漠星空·异域旅人.png","沙漠星空·异域旅人",".png","941","1672","0.56","portrait","1.92","Distant Fables / 远方寓言","fantasy","96","strong-candidate"
"blue-white-glasshouse-dream","玻璃花房中的蓝白梦境.png","玻璃花房中的蓝白梦境",".png","941","1672","0.56","portrait","2.68","Glasshouse Dreams / 玻璃温室梦","mist-blue;greenhouse","96","strong-candidate"
"glasshouse-morning-dew","玻璃温室·晨露花影.png","玻璃温室·晨露花影",".png","941","1672","0.56","portrait","2.04","Glasshouse Dreams / 玻璃温室梦","soft-green;greenhouse","96","strong-candidate"
"vintage-film-flower-shop-girl","复古胶片·花店少女.png","复古胶片·花店少女",".png","941","1672","0.56","portrait","2.47","Glasshouse Dreams / 玻璃温室梦","review","96","strong-candidate"
"fresh-green-glasshouse-morning","新绿温室·晨光少女.png","新绿温室·晨光少女",".png","941","1672","0.56","portrait","2.56","Glasshouse Dreams / 玻璃温室梦","morning;soft-green;greenhouse","96","strong-candidate"
"grain-rain","谷雨.png","谷雨",".png","1024","1536","0.67","portrait","2.54","Rain Archive / 雨的档案","rainy;spring","96","strong-candidate"
"red-maple-night-rain-girl","红枫夜雨少女.png","红枫夜雨少女",".png","941","1672","0.56","portrait","2.21","Rain Archive / 雨的档案","rainy;night;muted-red","96","strong-candidate"
"morning-misty-bedroom","清晨薄雾卧室.png","清晨薄雾卧室",".png","941","1672","0.56","portrait","2.27","Rain Archive / 雨的档案","morning;room","96","strong-candidate"
"misty-tea-garden-after-rain","雨后茶园·薄雾少女.png","雨后茶园·薄雾少女",".png","2160","3840","0.56","portrait","9.08","Rain Archive / 雨的档案","rainy;soft-green","96","strong-candidate"
"balcony-after-rain","雨后阳台与白猫.png","雨后阳台与白猫",".png","941","1672","0.56","portrait","2.7","Rain Archive / 雨的档案","rainy","96","strong-candidate"
"rain-water-season","雨水.png","雨水",".png","1024","1536","0.67","portrait","2.42","Rain Archive / 雨的档案","rainy","96","strong-candidate"
"rainy-headphones-desk","雨天耳机少女与小书桌.png","雨天耳机少女与小书桌",".png","941","1672","0.56","portrait","1.87","Rain Archive / 雨的档案","rainy","96","strong-candidate"
"winter-white-window-silver-hair","冬日白窗与银发少女.png","冬日白窗与银发少女",".png","941","1672","0.56","portrait","1.84","Seasonal Stations / 季节候车室","winter","96","strong-candidate"
"winter-blue-window-room","冬日窗边的蓝调房间.png","冬日窗边的蓝调房间",".png","2160","3840","0.56","portrait","9.58","Seasonal Stations / 季节候车室","winter;mist-blue;room","96","strong-candidate"
"winter-waiting-for-train","冬日等列车.png","冬日等列车",".png","941","1672","0.56","portrait","2.03","Seasonal Stations / 季节候车室","winter;station","96","strong-candidate"
"winter-cottage-nap","冬日小屋里的午睡场景.png","冬日小屋里的午睡场景",".png","941","1672","0.56","portrait","2.47","Seasonal Stations / 季节候车室","winter","96","strong-candidate"
"minimal-snow-station","极简白雪·车站候车.png","极简白雪·车站候车",".png","941","1672","0.56","portrait","1.82","Seasonal Stations / 季节候车室","winter;station","96","strong-candidate"
"beginning-of-spring","立春.png","立春",".png","1024","1536","0.67","portrait","2.19","Seasonal Stations / 季节候车室","spring","96","strong-candidate"
"snow-night-rooftop-white-hair","雪夜天台·白发少女.png","雪夜天台·白发少女",".png","940","1672","0.56","portrait","2.31","Seasonal Stations / 季节候车室","winter;night","96","strong-candidate"
"tide-postman-and-cloud-whale","潮汐邮差与云海鲸.png","潮汐邮差与云海鲸",".png","1619","971","1.67","landscape","1.63","Distant Fables / 远方寓言","fantasy","89","strong-candidate"
"paper-wing-guardian-in-clocktower","钟楼里的纸翼守鸟.png","钟楼里的纸翼守鸟",".png","1536","1024","1.5","landscape","3.29","Distant Fables / 远方寓言","review","89","strong-candidate"
"moss-deer-at-glasshouse-end","温室尽头的苔鹿.png","温室尽头的苔鹿",".png","1672","941","1.78","landscape","2.97","Glasshouse Dreams / 玻璃温室梦","soft-green;greenhouse","89","strong-candidate"
"lantern-fox-station-at-snowfield","雪原边的提灯狐站.png","雪原边的提灯狐站",".png","1536","1024","1.5","landscape","2.48","Seasonal Stations / 季节候车室","winter;fantasy","89","strong-candidate"
"gpt-image-2-medium-b-9-16","gpt-image-2 (medium)_b_原创动漫少女插画，9_16竖版，圆珠笔绘.png","gpt-image-2 (medium)_b_原创动漫少女插画，9_16竖版，圆珠笔绘",".png","941","1672","0.56","portrait","3.38","Atelier Hours / 画室时刻","atelier","88","strong-candidate"
"gpt-image-2-medium-b-9-16","gpt-image-2 (medium)_b_原创动漫少女圆珠笔风格插画，9_16竖版.png","gpt-image-2 (medium)_b_原创动漫少女圆珠笔风格插画，9_16竖版",".png","941","1672","0.56","portrait","3.06","Atelier Hours / 画室时刻","atelier","88","strong-candidate"
"gpt-image-2-medium-b","gpt-image-2 (medium)_b_友利奈绪，银发蓝瞳少女，穿红色学院制服，.png","gpt-image-2 (medium)_b_友利奈绪，银发蓝瞳少女，穿红色学院制服，",".png","941","1672","0.56","portrait","2","Blue Rooms / 蓝调房间","mist-blue;muted-red","88","strong-candidate"
"gpt-image-2-medium-b","gpt-image-2 (medium)_b_友利奈绪，银灰色长发，蓝色眼睛，标志性双.png","gpt-image-2 (medium)_b_友利奈绪，银灰色长发，蓝色眼睛，标志性双",".png","1024","1536","0.67","portrait","1.81","Blue Rooms / 蓝调房间","mist-blue","88","strong-candidate"
"spring-lakeside-green-skirt","春日湖边·绿色裙摆.png","春日湖边·绿色裙摆",".png","941","1672","0.56","portrait","2.66","Needs Review / 待人工判断","spring;soft-green","88","strong-candidate"
"pale-orange-evening-mist-chestnut-girl","淡橙夕雾·栗色少女.png","淡橙夕雾·栗色少女",".png","941","1672","0.56","portrait","2.08","Needs Review / 待人工判断","dusk;amber","88","strong-candidate"
"abandoned-classroom-evening-light","废弃教室·夕光少女.png","废弃教室·夕光少女",".png","940","1672","0.56","portrait","1.99","Needs Review / 待人工判断","dusk","88","strong-candidate"
"pink-study-6","粉6.png","粉6",".png","1024","1536","0.67","portrait","2.76","Needs Review / 待人工判断","soft-pink","88","strong-candidate"
"clear-sea-breeze-white-lighthouse","海风清透·白色灯塔.png","海风清透·白色灯塔",".png","941","1672","0.56","portrait","2.06","Needs Review / 待人工判断","review","88","strong-candidate"
"amber-morning-blonde-girl","琥珀晨光·金发少女.png","琥珀晨光·金发少女",".png","941","1672","0.56","portrait","2.05","Needs Review / 待人工判断","morning;amber","88","strong-candidate"
"0","虾米0.png","虾米0",".png","1122","1402","0.8","portrait","2.64","Needs Review / 待人工判断","review","88","strong-candidate"
"1","虾米1.png","虾米1",".png","941","1672","0.56","portrait","2.71","Needs Review / 待人工判断","review","88","strong-candidate"
"2","虾米2.png","虾米2",".png","1024","1536","0.67","portrait","2.49","Needs Review / 待人工判断","review","88","strong-candidate"
"3","虾米3.png","虾米3",".png","1122","1402","0.8","portrait","2.74","Needs Review / 待人工判断","review","88","strong-candidate"
"gpt-image-2-medium-b-4-5","gpt-image-2 (medium)_b_原创幻想意象插画，竖版4_5。寂静雪地中.png","gpt-image-2 (medium)_b_原创幻想意象插画，竖版4_5。寂静雪地中",".png","1122","1402","0.8","portrait","1.78","Seasonal Stations / 季节候车室","winter;fantasy","88","strong-candidate"
"silver-pink-long-hair","银粉长发.png","银粉长发",".png","1672","941","1.78","landscape","2.46","Needs Review / 待人工判断","soft-pink","81","strong-candidate"
"chatgpt-image-2026-5-10-14-40-28","ChatGPT Image 2026年5月10日 14_40_28.png","ChatGPT Image 2026年5月10日 14_40_28",".png","941","1672","0.56","portrait","2.46","Needs Review / 待人工判断","review","80","strong-candidate"
"chatgpt-image-2026-5-10-14-46-48","ChatGPT Image 2026年5月10日 14_46_48.png","ChatGPT Image 2026年5月10日 14_46_48",".png","941","1672","0.56","portrait","2.45","Needs Review / 待人工判断","review","80","strong-candidate"
"chatgpt-image-2026-5-10-15-56-52","ChatGPT Image 2026年5月10日 15_56_52.png","ChatGPT Image 2026年5月10日 15_56_52",".png","941","1672","0.56","portrait","2.23","Needs Review / 待人工判断","review","80","strong-candidate"
"chatgpt-image-2026-5-12-01-52-12","ChatGPT Image 2026年5月12日 01_52_12.png","ChatGPT Image 2026年5月12日 01_52_12",".png","941","1672","0.56","portrait","2.5","Needs Review / 待人工判断","review","80","strong-candidate"
"chatgpt-image-2026-5-12-01-53-56","ChatGPT Image 2026年5月12日 01_53_56.png","ChatGPT Image 2026年5月12日 01_53_56",".png","941","1672","0.56","portrait","2.63","Needs Review / 待人工判断","review","80","strong-candidate"
"chatgpt-image-2026-5-13-00-08-14","ChatGPT Image 2026年5月13日 00_08_14.png","ChatGPT Image 2026年5月13日 00_08_14",".png","941","1672","0.56","portrait","2.59","Needs Review / 待人工判断","review","80","strong-candidate"
"chatgpt-image-2026-5-5-23-53-24","ChatGPT Image 2026年5月5日 23_53_24.png","ChatGPT Image 2026年5月5日 23_53_24",".png","941","1672","0.56","portrait","2.23","Needs Review / 待人工判断","review","80","strong-candidate"
"gpt-image-2-medium-b","gpt-image-2 (medium)_b_原创高级日系二次元半写实插画，竖屏全身构.png","gpt-image-2 (medium)_b_原创高级日系二次元半写实插画，竖屏全身构",".png","941","1672","0.56","portrait","2.61","Needs Review / 待人工判断","review","80","strong-candidate"
"gpt-image-2-medium-b-9-16","gpt-image-2 (medium)_b_原创高级现代构成海报，竖版_9_16，浅.png","gpt-image-2 (medium)_b_原创高级现代构成海报，竖版_9_16，浅",".png","941","1672","0.56","portrait","1.85","Needs Review / 待人工判断","review","80","strong-candidate"
"gpt-image-2-medium-b","gpt-image-2 (medium)_b_原创日系二次元半写实插画，竖屏全身构图。.png","gpt-image-2 (medium)_b_原创日系二次元半写实插画，竖屏全身构图。",".png","1024","1536","0.67","portrait","3.13","Needs Review / 待人工判断","review","80","strong-candidate"
"gpt-image-2-medium-b-9-16","gpt-image-2 (medium)_b_原创日系治愈系动漫插画，9_16竖版，高.png","gpt-image-2 (medium)_b_原创日系治愈系动漫插画，9_16竖版，高",".png","941","1672","0.56","portrait","2.11","Needs Review / 待人工判断","review","80","strong-candidate"
"image-2","Image 2.png","Image 2",".png","2160","3840","0.56","portrait","10.41","Needs Review / 待人工判断","review","80","strong-candidate"
"artwork-18cfb65dc9","手绘涂鸦风\4K\白金色利落短发少女.png","白金色利落短发少女",".png","2160","3840","0.56","portrait","8.31","Atelier Hours / 画室时刻","review","78","candidate"
"artwork-2d46463fc5","手绘涂鸦风\薄荷绿短发.png","薄荷绿短发",".png","941","1672","0.56","portrait","2.49","Atelier Hours / 画室时刻","soft-green","78","candidate"
"artwork-17a54614b2","手绘涂鸦风\4K\赤茶色麻花辫少女.png","赤茶色麻花辫少女",".png","2160","3840","0.56","portrait","9.6","Atelier Hours / 画室时刻","review","78","candidate"
"artwork-bca5b0e201","手绘涂鸦风\4K\淡紫色短卷发少女.png","淡紫色短卷发少女",".png","2160","3840","0.56","portrait","13.63","Atelier Hours / 画室时刻","review","78","candidate"
"artwork-4a826dd643","手绘涂鸦风\粉色丸子头.png","粉色丸子头",".png","941","1672","0.56","portrait","3","Atelier Hours / 画室时刻","soft-pink","78","candidate"
"artwork-bac3c2d73c","手绘涂鸦风\黑紫色高马尾.png","黑紫色高马尾",".png","941","1672","0.56","portrait","3.17","Atelier Hours / 画室时刻","review","78","candidate"
"artwork-c0446b382e","手绘涂鸦风\4K\灰白色波波头少女.png","灰白色波波头少女",".png","2160","3840","0.56","portrait","13.96","Atelier Hours / 画室时刻","review","78","candidate"
"0","手绘涂鸦风\酒红色双马尾0.png","酒红色双马尾0",".png","941","1672","0.56","portrait","3.21","Atelier Hours / 画室时刻","muted-red","78","candidate"
"1","手绘涂鸦风\酒红色双马尾1.png","酒红色双马尾1",".png","941","1672","0.56","portrait","2.42","Atelier Hours / 画室时刻","muted-red","78","candidate"
"artwork-53c662d565","手绘涂鸦风\橘色短发波波头.png","橘色短发波波头",".png","941","1672","0.56","portrait","2.55","Atelier Hours / 画室时刻","review","78","candidate"
"artwork-9b6024e056","手绘涂鸦风\蓝色长辫子头.png","蓝色长辫子头",".png","941","1672","0.56","portrait","2.48","Atelier Hours / 画室时刻","mist-blue","78","candidate"
"artwork-c22c035e0e","手绘涂鸦风\4K\莓果紫长卷发少女.png","莓果紫长卷发少女",".png","2160","3840","0.56","portrait","14.18","Atelier Hours / 画室时刻","review","78","candidate"
"artwork-8c7fd3b3b7","手绘涂鸦风\4K\蜜桃粉双马尾少女.png","蜜桃粉双马尾少女",".png","2160","3840","0.56","portrait","9.11","Atelier Hours / 画室时刻","soft-pink","78","candidate"
"artwork-3fc4bf1840","手绘涂鸦风\4K\墨绿色微卷短发少女.png","墨绿色微卷短发少女",".png","2160","3840","0.56","portrait","7.96","Atelier Hours / 画室时刻","soft-green","78","candidate"
"artwork-e3bb202e2c","手绘涂鸦风\霓虹都市的冷静夜晚.png","霓虹都市的冷静夜晚",".png","941","1672","0.56","portrait","1.72","Atelier Hours / 画室时刻","night","78","candidate"
"artwork-3085402bc0","手绘涂鸦风\霓虹之下的静谧时刻.png","霓虹之下的静谧时刻",".png","941","1672","0.56","portrait","1.63","Atelier Hours / 画室时刻","review","78","candidate"
"artwork-8ddfd7aa2d","手绘涂鸦风\4K\浅紫色双丸子头少女.png","浅紫色双丸子头少女",".png","2160","3840","0.56","portrait","7.57","Atelier Hours / 画室时刻","review","78","candidate"
"artwork-652c7a9db4","手绘涂鸦风\夜街角与猫的深思.png","夜街角与猫的深思",".png","941","1672","0.56","portrait","1.5","Atelier Hours / 画室时刻","night","78","candidate"
"artwork-1cbcb5a58b","手绘涂鸦风\夜幕下的书店少女.png","夜幕下的书店少女",".png","941","1672","0.56","portrait","1.62","Atelier Hours / 画室时刻","night","78","candidate"
"artwork-5471cf9e5e","手绘涂鸦风\4K\银白公主切长发少女.png","银白公主切长发少女",".png","2160","3840","0.56","portrait","10.93","Atelier Hours / 画室时刻","review","78","candidate"
"artwork-242ac51fb6","手绘涂鸦风\银灰色短发.png","银灰色短发",".png","941","1672","0.56","portrait","2.33","Atelier Hours / 画室时刻","review","78","candidate"
"artwork-31d7f2ff7a","手绘涂鸦风\4K\银灰色姬发式短发少女.png","银灰色姬发式短发少女",".png","2160","3840","0.56","portrait","12.96","Atelier Hours / 画室时刻","review","78","candidate"
"artwork-bd2d286453","手绘涂鸦风\银蓝色齐刘海长发.png","银蓝色齐刘海长发",".png","941","1672","0.56","portrait","2.17","Atelier Hours / 画室时刻","mist-blue","78","candidate"
"artwork-b7b86a78ee","手绘涂鸦风\月光下的书店街角.png","月光下的书店街角",".png","941","1672","0.56","portrait","1.67","Atelier Hours / 画室时刻","night","78","candidate"
"artwork-0dac2ffe13","手绘涂鸦风\月影書房的夜晚夢境.png","月影書房的夜晚夢境",".png","941","1672","0.56","portrait","2.21","Atelier Hours / 画室时刻","night","78","candidate"
"artwork-3890ed7c1b","手绘涂鸦风\紫色丸子头.png","紫色丸子头",".png","941","1672","0.56","portrait","2.59","Atelier Hours / 画室时刻","review","78","candidate"
"artwork-bf16bb46d5","简约壁纸图\薄荷色天台·夏日云影.png","薄荷色天台·夏日云影",".png","941","1672","0.56","portrait","1.44","Blue Rooms / 蓝调房间","review","78","candidate"
"artwork-bbf5413868","简约壁纸图\菜市场花摊·春日生活感.png","菜市场花摊·春日生活感",".png","941","1672","0.56","portrait","2.49","Blue Rooms / 蓝调房间","spring","78","candidate"
"artwork-0e87f1a32a","简约壁纸图\窗边晨光少女.png","窗边晨光少女",".png","941","1672","0.56","portrait","1.41","Blue Rooms / 蓝调房间","morning","78","candidate"
"artwork-778a3d6a21","简约壁纸图\窗边与清晨微光.png","窗边与清晨微光",".png","941","1672","0.56","portrait","1.52","Blue Rooms / 蓝调房间","morning","78","candidate"
"artwork-a6e9dfdd42","51\黑色天台.png","黑色天台",".png","1024","1536","0.67","portrait","2.09","Blue Rooms / 蓝调房间","review","78","candidate"
"artwork-46e2dcf270","简约壁纸图\绿荫公交站·午后蝉鸣.png","绿荫公交站·午后蝉鸣",".png","941","1672","0.56","portrait","2.1","Blue Rooms / 蓝调房间","soft-green","78","candidate"
"artwork-8c3a1c11ba","简约壁纸图\木桥尽头的风铃小屋.png","木桥尽头的风铃小屋",".png","941","1672","0.56","portrait","1.36","Blue Rooms / 蓝调房间","review","78","candidate"
"artwork-1dc4b291e3","简约壁纸图\青绿色窗帘·午睡少女.png","青绿色窗帘·午睡少女",".png","941","1672","0.56","portrait","1.42","Blue Rooms / 蓝调房间","soft-green","78","candidate"
"artwork-8fb85f3fc5","简约壁纸图\青柠泳池·夏日午后.png","青柠泳池·夏日午后",".png","941","1672","0.56","portrait","2.12","Blue Rooms / 蓝调房间","review","78","candidate"
"artwork-9d331710f4","站立\山间清晨的少女.png","山间清晨的少女",".png","2160","3840","0.56","portrait","10.9","Blue Rooms / 蓝调房间","morning","78","candidate"
"0","眼镜镜片反射\水族馆幽蓝反射版0.png","水族馆幽蓝反射版0",".png","941","1672","0.56","portrait","2.17","Blue Rooms / 蓝调房间","mist-blue","78","candidate"
"1","眼镜镜片反射\水族馆幽蓝反射版1.png","水族馆幽蓝反射版1",".png","1024","1536","0.67","portrait","2.08","Blue Rooms / 蓝调房间","mist-blue","78","candidate"
"artwork-5917c9ea60","简约壁纸图\天空阶梯.png","天空阶梯",".png","941","1672","0.56","portrait","1.44","Blue Rooms / 蓝调房间","review","78","candidate"
"artwork-82e4fa2855","站立\天台晚风中的少女.png","天台晚风中的少女",".png","2160","3840","0.56","portrait","9.09","Blue Rooms / 蓝调房间","review","78","candidate"
"artwork-2035be5ecc","简约壁纸图\阳台晾晒白床单的午后.png","阳台晾晒白床单的午后",".png","941","1672","0.56","portrait","1.24","Blue Rooms / 蓝调房间","review","78","candidate"
"artwork-235ba36d2f","幻想图\白发红瞳少女.png","白发红瞳少女",".png","941","1672","0.56","portrait","1.94","Distant Fables / 远方寓言","muted-red;fantasy","78","candidate"
"artwork-0debdfc4ff","简约壁纸图\海边黄昏与提灯少女.png","海边黄昏与提灯少女",".png","941","1672","0.56","portrait","1.49","Distant Fables / 远方寓言","dusk;amber","78","candidate"
"artwork-7da745db02","幻想图\黑发祭司少女.png","黑发祭司少女",".png","941","1672","0.56","portrait","2.76","Distant Fables / 远方寓言","fantasy","78","candidate"
"artwork-2a77b70170","简约壁纸图\夜空鲸影.png","夜空鲸影",".png","941","1672","0.56","portrait","1.7","Distant Fables / 远方寓言","night;fantasy","78","candidate"
"artwork-369dfe70da","简约壁纸图\奶油色花店门前的少女.png","奶油色花店门前的少女",".png","941","1672","0.56","portrait","1.8","Glasshouse Dreams / 玻璃温室梦","review","78","candidate"
"artwork-3fc820ed0e","街道撑伞\粉发雨后街道.png","粉发雨后街道",".png","941","1672","0.56","portrait","2.23","Rain Archive / 雨的档案","rainy;soft-pink","78","candidate"
"0","街道撑伞\金0.png","金0",".png","941","1672","0.56","portrait","2.35","Rain Archive / 雨的档案","review","78","candidate"
"1","街道撑伞\金1.png","金1",".png","941","1672","0.56","portrait","2.4","Rain Archive / 雨的档案","review","78","candidate"
"artwork-39a8a2b2cb","街道撑伞\绿发雨后街道.png","绿发雨后街道",".png","941","1672","0.56","portrait","2.39","Rain Archive / 雨的档案","rainy;soft-green","78","candidate"
"artwork-b50cd1915d","简约壁纸图\透明伞与单色雨线.png","透明伞与单色雨线",".png","941","1672","0.56","portrait","1.03","Rain Archive / 雨的档案","rainy","78","candidate"
"artwork-98ac01011e","街道撑伞\银发撑伞.png","银发撑伞",".png","2160","3840","0.56","portrait","11.93","Rain Archive / 雨的档案","review","78","candidate"
"artwork-7e5ad0e951","街道撑伞\银发浅蓝.png","银发浅蓝",".png","941","1672","0.56","portrait","2.47","Rain Archive / 雨的档案","mist-blue","78","candidate"
"0","眼镜镜片反射\雨后彩虹街角版0.png","雨后彩虹街角版0",".png","941","1672","0.56","portrait","2.26","Rain Archive / 雨的档案","rainy","78","candidate"
"1","眼镜镜片反射\雨后彩虹街角版1.png","雨后彩虹街角版1",".png","941","1672","0.56","portrait","1.9","Rain Archive / 雨的档案","rainy","78","candidate"
"artwork-244b2434b2","忧郁孤独\雨后窗边沉思.png","雨后窗边沉思",".png","941","1672","0.56","portrait","1.89","Rain Archive / 雨的档案","rainy","78","candidate"
"artwork-b569729e0e","简约壁纸图\雨后石阶与小黄伞.png","雨后石阶与小黄伞",".png","941","1672","0.56","portrait","2.06","Rain Archive / 雨的档案","rainy","78","candidate"
"artwork-27fdc6e6ca","手绘涂鸦风\雨夜巴士站的思绪.png","雨夜巴士站的思绪",".png","941","1672","0.56","portrait","2.13","Rain Archive / 雨的档案","rainy;night","78","candidate"
"artwork-6266822706","手绘涂鸦风\雨夜告别与无人区.png","雨夜告别与无人区",".png","941","1672","0.56","portrait","1.87","Rain Archive / 雨的档案","rainy;night","78","candidate"
"artwork-d9fbe87f22","手绘涂鸦风\雨夜街头的温柔时光.png","雨夜街头的温柔时光",".png","941","1672","0.56","portrait","2.47","Rain Archive / 雨的档案","rainy;night","78","candidate"
"artwork-0edf24688b","眼镜镜片反射\雨夜霓虹反射版.png","雨夜霓虹反射版",".png","941","1672","0.56","portrait","1.8","Rain Archive / 雨的档案","rainy;night","78","candidate"
"artwork-f499e52e01","手绘涂鸦风\雨夜站牌上的孤独旅程.png","雨夜站牌上的孤独旅程",".png","941","1672","0.56","portrait","2.59","Rain Archive / 雨的档案","rainy;night","78","candidate"
"artwork-33e4fcfa04","简约壁纸图\冬日女孩.png","冬日女孩",".png","941","1672","0.56","portrait","2.47","Seasonal Stations / 季节候车室","winter","78","candidate"
"artwork-d5b805c7fb","站立\旧车站前的少女.png","旧车站前的少女",".png","2160","3840","0.56","portrait","10.7","Seasonal Stations / 季节候车室","station","78","candidate"
"artwork-d93b2d3dad","简约壁纸图\雪原尽头的列车站.png","雪原尽头的列车站",".png","941","1672","0.56","portrait","1.57","Seasonal Stations / 季节候车室","winter;station","78","candidate"
"artwork-c4351b3629","圆珠笔质感风格图\彼岸花流光.png","彼岸花流光",".png","941","1672","0.56","portrait","3.27","Atelier Hours / 画室时刻","atelier","73","candidate"
"0","铅笔线稿图\潮汐耳语少女0.png","潮汐耳语少女0",".png","941","1672","0.56","portrait","2.76","Atelier Hours / 画室时刻","atelier","73","candidate"
"artwork-28fcee205b","铅笔线稿图\磁带噪音与落日重奏.png","磁带噪音与落日重奏",".png","941","1672","0.56","portrait","2.53","Atelier Hours / 画室时刻","atelier","73","candidate"
"artwork-cda1abb468","圆珠笔质感风格图\耳机与赛博微光.png","耳机与赛博微光",".png","941","1672","0.56","portrait","3.05","Atelier Hours / 画室时刻","atelier;fantasy","73","candidate"
"artwork-e8e044a150","铅笔线稿图\阁楼投影仪 · 朦胧梦片感.png","阁楼投影仪 · 朦胧梦片感",".png","941","1672","0.56","portrait","2.57","Atelier Hours / 画室时刻","room;atelier","73","candidate"
"artwork-a7251ba534","铅笔线稿图\黄昏电车末班 · 漂浮记忆感.png","黄昏电车末班 · 漂浮记忆感",".png","941","1672","0.56","portrait","2.49","Atelier Hours / 画室时刻","dusk;amber;atelier","73","candidate"
"0","铅笔线稿图\极昼冰铃少女0.png","极昼冰铃少女0",".png","941","1672","0.56","portrait","1.74","Atelier Hours / 画室时刻","atelier","73","candidate"
"artwork-cf55e5243f","铅笔线稿图\旧唱片店角落 · 暖棕复古感.png","旧唱片店角落 · 暖棕复古感",".png","941","1672","0.56","portrait","2.61","Atelier Hours / 画室时刻","amber;atelier","73","candidate"
"0","铅笔线稿图\旧梦唱片感0.png","旧梦唱片感0",".png","1024","1536","0.67","portrait","2.76","Atelier Hours / 画室时刻","atelier","73","candidate"
"1","铅笔线稿图\旧梦唱片感1.png","旧梦唱片感1",".png","941","1672","0.56","portrait","2.72","Atelier Hours / 画室时刻","atelier","73","candidate"
"2","铅笔线稿图\旧梦唱片感2.png","旧梦唱片感2",".png","941","1672","0.56","portrait","2.74","Atelier Hours / 画室时刻","atelier","73","candidate"
"3","铅笔线稿图\旧梦唱片感3.png","旧梦唱片感3",".png","941","1672","0.56","portrait","1.93","Atelier Hours / 画室时刻","atelier","73","candidate"
"4","铅笔线稿图\旧梦唱片感4.png","旧梦唱片感4",".png","941","1672","0.56","portrait","2.57","Atelier Hours / 画室时刻","atelier","73","candidate"
"0","铅笔线稿图\枯枝花火感0.png","枯枝花火感0",".png","1122","1402","0.8","portrait","2.68","Atelier Hours / 画室时刻","atelier","73","candidate"
"1","铅笔线稿图\枯枝花火感1.png","枯枝花火感1",".png","1122","1402","0.8","portrait","2.7","Atelier Hours / 画室时刻","atelier","73","candidate"
"artwork-110050c301","铅笔线稿图\清晨天台 · 风与留白感.png","清晨天台 · 风与留白感",".png","941","1672","0.56","portrait","2.34","Atelier Hours / 画室时刻","morning;atelier","73","candidate"
"0","铅笔线稿图\森林菌光感0.png","森林菌光感0",".png","941","1672","0.56","portrait","2.4","Atelier Hours / 画室时刻","atelier","73","candidate"
"1","铅笔线稿图\森林菌光感1.png","森林菌光感1",".png","1122","1402","0.8","portrait","2.86","Atelier Hours / 画室时刻","atelier","73","candidate"
"artwork-c9b9d7237c","圆珠笔质感风格图\少女与发光蝴蝶.png","少女与发光蝴蝶",".png","941","1672","0.56","portrait","3.17","Atelier Hours / 画室时刻","atelier","73","candidate"
"artwork-4f35d68f98","圆珠笔质感风格图\少女与发光纸鹤.png","少女与发光纸鹤",".png","941","1672","0.56","portrait","2.97","Atelier Hours / 画室时刻","atelier","73","candidate"
"artwork-a261a97f50","圆珠笔质感风格图\少女与萤火星群.png","少女与萤火星群",".png","941","1672","0.56","portrait","3.02","Atelier Hours / 画室时刻","atelier","73","candidate"
"artwork-18b71f559a","圆珠笔质感风格图\深海鲸影.png","深海鲸影",".png","941","1672","0.56","portrait","3.19","Atelier Hours / 画室时刻","atelier;fantasy","73","candidate"
"0","铅笔线稿图\深海水母耳机少女0.png","深海水母耳机少女0",".png","941","1672","0.56","portrait","2.77","Atelier Hours / 画室时刻","atelier","73","candidate"
"0","铅笔线稿图\深海微光感0.png","深海微光感0",".png","941","1672","0.56","portrait","2.34","Atelier Hours / 画室时刻","atelier","73","candidate"
"1","铅笔线稿图\深海微光感1.png","深海微光感1",".png","941","1672","0.56","portrait","2.75","Atelier Hours / 画室时刻","atelier","73","candidate"
"artwork-5197c89f17","铅笔线稿图\深海钟摆感.png","深海钟摆感",".png","1122","1402","0.8","portrait","2.31","Atelier Hours / 画室时刻","atelier","73","candidate"
"artwork-51d6e539a3","圆珠笔质感风格图\透明伞与暖光.png","透明伞与暖光",".png","941","1672","0.56","portrait","2.83","Atelier Hours / 画室时刻","amber;atelier","73","candidate"
"artwork-b0a84b2e9b","铅笔线稿图\雾沼采光者.png","雾沼采光者",".png","941","1672","0.56","portrait","2.1","Atelier Hours / 画室时刻","atelier","73","candidate"
"0","铅笔线稿图\星尘纸鹤少女0.png","星尘纸鹤少女0",".png","941","1672","0.56","portrait","2.73","Atelier Hours / 画室时刻","atelier","73","candidate"
"1","铅笔线稿图\星尘纸鹤少女1.png","星尘纸鹤少女1",".png","941","1672","0.56","portrait","2.78","Atelier Hours / 画室时刻","atelier","73","candidate"
"artwork-c42bea2005","圆珠笔质感风格图\星光蝴蝶.png","星光蝴蝶",".png","941","1672","0.56","portrait","3.13","Atelier Hours / 画室时刻","atelier","73","candidate"
"0","铅笔线稿图\星图缝线少女0.png","星图缝线少女0",".png","941","1672","0.56","portrait","1.96","Atelier Hours / 画室时刻","atelier","73","candidate"
"1","铅笔线稿图\星图缝线少女1.png","星图缝线少女1",".png","941","1672","0.56","portrait","1.97","Atelier Hours / 画室时刻","atelier","73","candidate"
"1","铅笔线稿图\月海水母少女1.png","月海水母少女1",".png","941","1672","0.56","portrait","2.7","Atelier Hours / 画室时刻","atelier","73","candidate"
"artwork-2e43844aa5","铅笔线稿图\月下石洞与微光苔群.png","月下石洞与微光苔群",".png","941","1672","0.56","portrait","2.68","Atelier Hours / 画室时刻","atelier","73","candidate"
"artwork-08d18cc461","圆珠笔质感风格图\月相与星尘.png","月相与星尘",".png","941","1672","0.56","portrait","3.37","Atelier Hours / 画室时刻","atelier","73","candidate"
"artwork-69b1eba9a4","圆珠笔质感风格图\长发少女与花朵能量场.png","长发少女与花朵能量场",".png","941","1672","0.56","portrait","3.19","Atelier Hours / 画室时刻","atelier","73","candidate"
"artwork-889ef50a6f","手机壁纸\粉发教室窗边.png","粉发教室窗边",".png","941","1672","0.56","portrait","1.95","Blue Rooms / 蓝调房间","soft-pink","73","candidate"
"artwork-a3acadc698","手机壁纸\海底少女蓝.png","海底少女蓝",".png","1024","1536","0.67","portrait","3.03","Blue Rooms / 蓝调房间","mist-blue","73","candidate"
"2","手机壁纸\蓝2.png","蓝2",".png","2048","3072","0.67","portrait","8.89","Blue Rooms / 蓝调房间","mist-blue","73","candidate"
"3","手机壁纸\蓝3.png","蓝3",".png","941","1672","0.56","portrait","2.62","Blue Rooms / 蓝调房间","mist-blue","73","candidate"
"4","手机壁纸\蓝4.png","蓝4",".png","941","1672","0.56","portrait","2.12","Blue Rooms / 蓝调房间","mist-blue","73","candidate"
"artwork-2a5e3b97b8","手机壁纸\蓝发等列车.png","蓝发等列车",".png","941","1672","0.56","portrait","2.32","Blue Rooms / 蓝调房间","mist-blue;station","73","candidate"
"artwork-4cd921afea","手机壁纸\蓝发电车.png","蓝发电车",".png","941","1672","0.56","portrait","2.05","Blue Rooms / 蓝调房间","mist-blue","73","candidate"
"artwork-9dc78a0233","手机壁纸\蓝发街道.png","蓝发街道",".png","2160","3840","0.56","portrait","11.21","Blue Rooms / 蓝调房间","mist-blue","73","candidate"
"artwork-c5485e4a0d","手机壁纸\蓝发沙滩.png","蓝发沙滩",".png","1023","1537","0.67","portrait","2.74","Blue Rooms / 蓝调房间","mist-blue","73","candidate"
"artwork-fa81b24635","手机壁纸\浅蓝短发列车.png","浅蓝短发列车",".png","941","1672","0.56","portrait","2.19","Blue Rooms / 蓝调房间","mist-blue;station","73","candidate"
"artwork-be0ac3a0e7","手机壁纸\浅银天台.png","浅银天台",".png","1024","1536","0.67","portrait","2.05","Blue Rooms / 蓝调房间","review","73","candidate"
"artwork-5b43f655af","手机壁纸\竹林风铃·清晨绿意.png","竹林风铃·清晨绿意",".png","941","1672","0.56","portrait","2.29","Blue Rooms / 蓝调房间","morning;soft-green","73","candidate"
"artwork-bdaf095ac8","手机壁纸\紫发天台.png","紫发天台",".png","941","1672","0.56","portrait","2.15","Blue Rooms / 蓝调房间","review","73","candidate"
"artwork-041aa7f1d0","动漫幻想图\橙粉霓虹·粉发少女.png","橙粉霓虹·粉发少女",".png","940","1672","0.56","portrait","2.31","Distant Fables / 远方寓言","soft-pink;amber;fantasy","73","candidate"
"artwork-8a4f5a9a40","动漫幻想图\地下乐队·蓝紫灯光少女.png","地下乐队·蓝紫灯光少女",".png","940","1672","0.56","portrait","2.26","Distant Fables / 远方寓言","mist-blue;fantasy","73","candidate"
"artwork-c8da911923","动漫幻想图\复古水彩风格.png","复古水彩风格",".png","2160","3840","0.56","portrait","15.5","Distant Fables / 远方寓言","fantasy","73","candidate"
"artwork-04ccbe38c1","动漫幻想图\古董书店的午后慵懒.png","古董书店的午后慵懒",".png","941","1672","0.56","portrait","2.14","Distant Fables / 远方寓言","fantasy","73","candidate"
"artwork-f6da261cf8","动漫幻想图\海蓝水母.png","海蓝水母",".png","941","1672","0.56","portrait","2.37","Distant Fables / 远方寓言","mist-blue;fantasy","73","candidate"
"0","动漫幻想图\海洋蓝色少女0.png","海洋蓝色少女0",".png","941","1672","0.56","portrait","2.52","Distant Fables / 远方寓言","mist-blue;fantasy","73","candidate"
"1","动漫幻想图\海洋蓝色少女1.png","海洋蓝色少女1",".png","941","1672","0.56","portrait","2.45","Distant Fables / 远方寓言","mist-blue;fantasy","73","candidate"
"artwork-04011f9f4a","动漫幻想图\黑白红·剧院后台.png","黑白红·剧院后台",".png","941","1672","0.56","portrait","1.99","Distant Fables / 远方寓言","muted-red;fantasy","73","candidate"
"artwork-d93ba5c383","赛博图\黑曜脉冲.png","黑曜脉冲",".png","1122","1402","0.8","portrait","2.53","Distant Fables / 远方寓言","fantasy","73","candidate"
"artwork-f8888ff0c1","动漫幻想图\红蓝霓虹·异瞳少女.png","红蓝霓虹·异瞳少女",".png","941","1672","0.56","portrait","2.3","Distant Fables / 远方寓言","mist-blue;muted-red;fantasy","73","candidate"
"1","动漫幻想图\机械星环·未来感少女1.png","机械星环·未来感少女1",".png","941","1672","0.56","portrait","2.12","Distant Fables / 远方寓言","fantasy","73","candidate"
"3","动漫幻想图\机械星环·未来感少女3.png","机械星环·未来感少女3",".png","941","1672","0.56","portrait","2.04","Distant Fables / 远方寓言","fantasy","73","candidate"
"artwork-4c53a1529f","动漫幻想图\极光房间·银发少女.png","极光房间·银发少女",".png","2160","3840","0.56","portrait","8.34","Distant Fables / 远方寓言","room;fantasy","73","candidate"
"artwork-1c9a1b77dc","东方幻想动漫风格图\极简水墨滴.png","极简水墨滴",".png","941","1672","0.56","portrait","2.19","Distant Fables / 远方寓言","fantasy","73","candidate"
"artwork-6a56d32e09","东方幻想动漫风格图\几何水晶.png","几何水晶",".png","941","1672","0.56","portrait","2.99","Distant Fables / 远方寓言","fantasy","73","candidate"
"artwork-1cedd7818a","动漫幻想图\蓝蝶钢琴房·慵懒少女.png","蓝蝶钢琴房·慵懒少女",".png","941","1672","0.56","portrait","2.02","Distant Fables / 远方寓言","mist-blue;fantasy","73","candidate"
"0","动漫幻想图\蓝蝶钢琴房·慵懒少女0.png","蓝蝶钢琴房·慵懒少女0",".png","941","1672","0.56","portrait","2.22","Distant Fables / 远方寓言","mist-blue;fantasy","73","candidate"
"3","动漫幻想图\蓝蝶钢琴房·慵懒少女3.png","蓝蝶钢琴房·慵懒少女3",".png","941","1672","0.56","portrait","2.15","Distant Fables / 远方寓言","mist-blue;fantasy","73","candidate"
"4","动漫幻想图\蓝蝶钢琴房·慵懒少女4.png","蓝蝶钢琴房·慵懒少女4",".png","941","1672","0.56","portrait","2.39","Distant Fables / 远方寓言","mist-blue;fantasy","73","candidate"
"5","动漫幻想图\蓝蝶钢琴房·慵懒少女5.png","蓝蝶钢琴房·慵懒少女5",".png","941","1672","0.56","portrait","2.11","Distant Fables / 远方寓言","mist-blue;fantasy","73","candidate"
"artwork-eed5499ba3","动漫幻想图\蓝蝶钢琴房少女.png","蓝蝶钢琴房少女",".png","1024","1536","0.67","portrait","2.42","Distant Fables / 远方寓言","mist-blue;fantasy","73","candidate"
"artwork-ba0deb9686","动漫幻想图\蓝色唱片店·复古霓虹少女.png","蓝色唱片店·复古霓虹少女",".png","941","1672","0.56","portrait","2.2","Distant Fables / 远方寓言","mist-blue;fantasy","73","candidate"
"0","动漫幻想图\蓝色唱片店·复古霓虹少女0.png","蓝色唱片店·复古霓虹少女0",".png","941","1672","0.56","portrait","2.13","Distant Fables / 远方寓言","mist-blue;fantasy","73","candidate"
"1","动漫幻想图\蓝色唱片店·复古霓虹少女1.png","蓝色唱片店·复古霓虹少女1",".png","941","1672","0.56","portrait","2.55","Distant Fables / 远方寓言","mist-blue;fantasy","73","candidate"
"artwork-f57e8f886a","动漫幻想图\冷黑蓝·未来实验室.png","冷黑蓝·未来实验室",".png","941","1672","0.56","portrait","2.08","Distant Fables / 远方寓言","mist-blue;fantasy","73","candidate"
"artwork-12063694ca","动漫幻想图\玫瑰雾光·粉银少女.png","玫瑰雾光·粉银少女",".png","941","1672","0.56","portrait","2.18","Distant Fables / 远方寓言","soft-pink;fantasy","73","candidate"
"0","动漫幻想图\霓虹糖果0.png","霓虹糖果0",".png","941","1672","0.56","portrait","2.03","Distant Fables / 远方寓言","fantasy","73","candidate"
"1","动漫幻想图\霓虹糖果1.png","霓虹糖果1",".png","941","1672","0.56","portrait","1.94","Distant Fables / 远方寓言","fantasy","73","candidate"
"2","动漫幻想图\霓虹糖果2.png","霓虹糖果2",".png","941","1672","0.56","portrait","1.78","Distant Fables / 远方寓言","fantasy","73","candidate"
"artwork-3db4380cd7","动漫幻想图\青绿色水光·短发少女.png","青绿色水光·短发少女",".png","941","1672","0.56","portrait","2.06","Distant Fables / 远方寓言","soft-green;fantasy","73","candidate"
"artwork-df09c67577","赛博图\赛博地雷.png","赛博地雷",".png","1024","1536","0.67","portrait","2.9","Distant Fables / 远方寓言","fantasy","73","candidate"
"artwork-f669a78b82","动漫幻想图\深海人鱼的寂静之歌.png","深海人鱼的寂静之歌",".png","941","1672","0.56","portrait","2.22","Distant Fables / 远方寓言","fantasy","73","candidate"
"artwork-3126f41655","东方幻想动漫风格图\时间琥珀.png","时间琥珀",".png","941","1672","0.56","portrait","2.46","Distant Fables / 远方寓言","amber;fantasy","73","candidate"
"artwork-96785defc2","赛博图\数据湮灭.png","数据湮灭",".png","1122","1402","0.8","portrait","2.89","Distant Fables / 远方寓言","fantasy","73","candidate"
"artwork-fa11f4c484","动漫幻想图\水母光影·海蓝少女.png","水母光影·海蓝少女",".png","941","1672","0.56","portrait","2.21","Distant Fables / 远方寓言","mist-blue;fantasy","73","candidate"
"0","动漫幻想图\水母光影·海蓝少女0.png","水母光影·海蓝少女0",".png","941","1672","0.56","portrait","2.39","Distant Fables / 远方寓言","mist-blue;fantasy","73","candidate"
"3","动漫幻想图\水母光影·海蓝少女3.png","水母光影·海蓝少女3",".png","941","1672","0.56","portrait","2.32","Distant Fables / 远方寓言","mist-blue;fantasy","73","candidate"
"artwork-b3da01592b","赛博图\水银幻梦.png","水银幻梦",".png","1122","1402","0.8","portrait","3.01","Distant Fables / 远方寓言","fantasy","73","candidate"
"artwork-7557b7320a","东方幻想动漫风格图\太阳之祭司.png","太阳之祭司",".png","941","1672","0.56","portrait","2.69","Distant Fables / 远方寓言","fantasy","73","candidate"
"artwork-c8d10012c0","动漫幻想图\陶瓷工作室·紫釉少女.png","陶瓷工作室·紫釉少女",".png","2160","3840","0.56","portrait","9.18","Distant Fables / 远方寓言","fantasy","73","candidate"
"0","动漫幻想图\透明棋局·冷淡少女0.png","透明棋局·冷淡少女0",".png","2160","3840","0.56","portrait","10.17","Distant Fables / 远方寓言","fantasy","73","candidate"
"1","动漫幻想图\透明棋局·冷淡少女1.png","透明棋局·冷淡少女1",".png","941","1672","0.56","portrait","2.18","Distant Fables / 远方寓言","fantasy","73","candidate"
"artwork-ca67cf6cde","动漫幻想图\透明水族馆·蓝绿色静谧.png","透明水族馆·蓝绿色静谧",".png","941","1672","0.56","portrait","1.98","Distant Fables / 远方寓言","mist-blue;soft-green;fantasy","73","candidate"
"artwork-667fdb883e","动漫幻想图\透明鱼群·水下梦境.png","透明鱼群·水下梦境",".png","941","1672","0.56","portrait","2.21","Distant Fables / 远方寓言","fantasy","73","candidate"
"artwork-e5b73cd6ce","动漫幻想图\图书馆深夜·魔法书少女.png","图书馆深夜·魔法书少女",".png","940","1672","0.56","portrait","2.34","Distant Fables / 远方寓言","night;fantasy","73","candidate"
"artwork-b6cbf87ff1","动漫幻想图\星屑房间·夜空少女.png","星屑房间·夜空少女",".png","941","1672","0.56","portrait","2.08","Distant Fables / 远方寓言","night;room;fantasy","73","candidate"
"artwork-4a7f4ea5d1","动漫幻想图\夜间烛光工坊.png","夜间烛光工坊",".png","1024","1536","0.67","portrait","2.2","Distant Fables / 远方寓言","night;fantasy","73","candidate"
"artwork-72d2aa2291","赛博图\幽灵波束.png","幽灵波束",".png","1122","1402","0.8","portrait","2.87","Distant Fables / 远方寓言","fantasy","73","candidate"
"artwork-68d010aa80","动漫幻想图\月光窗边·银发蝴蝶少女.png","月光窗边·银发蝴蝶少女",".png","941","1672","0.56","portrait","2.22","Distant Fables / 远方寓言","night;fantasy","73","candidate"
"3","动漫幻想图\月光窗边·银发蝴蝶少女3.png","月光窗边·银发蝴蝶少女3",".png","941","1672","0.56","portrait","2.28","Distant Fables / 远方寓言","night;fantasy","73","candidate"
"4","动漫幻想图\月光窗边·银发蝴蝶少女4.png","月光窗边·银发蝴蝶少女4",".png","941","1672","0.56","portrait","2.27","Distant Fables / 远方寓言","night;fantasy","73","candidate"
"artwork-8baea2d4b7","东方幻想动漫风格图\重力虚空.png","重力虚空",".png","1122","1402","0.8","portrait","2.71","Distant Fables / 远方寓言","fantasy","73","candidate"
"artwork-69ba465dae","动漫幻想图\紫夜星环·黑银发少女.png","紫夜星环·黑银发少女",".png","941","1672","0.56","portrait","2.23","Distant Fables / 远方寓言","night;fantasy","73","candidate"
"artwork-ad61236f8a","动漫幻想图\冰晶温室·蓝玫瑰少女.png","冰晶温室·蓝玫瑰少女",".png","941","1672","0.56","portrait","2.25","Glasshouse Dreams / 玻璃温室梦","mist-blue;soft-green;greenhouse;fantasy","73","candidate"
"0","手机壁纸\玻璃电梯夜景0.png","玻璃电梯夜景0",".png","941","1672","0.56","portrait","2.02","Glasshouse Dreams / 玻璃温室梦","night;greenhouse","73","candidate"
"artwork-39b9c54a63","动漫幻想图\玻璃花瓣·清冷少女.png","玻璃花瓣·清冷少女",".png","941","1672","0.56","portrait","2.14","Glasshouse Dreams / 玻璃温室梦","mist-blue;greenhouse;fantasy","73","candidate"
"0","动漫幻想图\玻璃花瓣·清冷少女0.png","玻璃花瓣·清冷少女0",".png","941","1672","0.56","portrait","2.12","Glasshouse Dreams / 玻璃温室梦","mist-blue;greenhouse;fantasy","73","candidate"
"0","手机壁纸\玻璃糖纸0.png","玻璃糖纸0",".png","941","1672","0.56","portrait","2.14","Glasshouse Dreams / 玻璃温室梦","greenhouse","73","candidate"
"1","手机壁纸\玻璃糖纸1.png","玻璃糖纸1",".png","941","1672","0.56","portrait","2.06","Glasshouse Dreams / 玻璃温室梦","greenhouse","73","candidate"
"artwork-3b2f3c8953","铅笔线稿图\冬日温室长椅 · 透明呼吸感.png","冬日温室长椅 · 透明呼吸感",".png","1024","1536","0.67","portrait","3.24","Glasshouse Dreams / 玻璃温室梦","winter;soft-green;atelier;greenhouse","73","candidate"
"artwork-35b985bf1c","铅笔线稿图\废弃温室的守叶人.png","废弃温室的守叶人",".png","941","1672","0.56","portrait","2.85","Glasshouse Dreams / 玻璃温室梦","soft-green;atelier;greenhouse","73","candidate"
"artwork-7353701b83","动漫幻想图\花房.png","花房",".png","941","1672","0.56","portrait","2.16","Glasshouse Dreams / 玻璃温室梦","greenhouse;fantasy","73","candidate"
"artwork-6cf41c3081","动漫幻想图\蓝焰玻璃·冷感少女.png","蓝焰玻璃·冷感少女",".png","941","1672","0.56","portrait","2.21","Glasshouse Dreams / 玻璃温室梦","mist-blue;greenhouse;fantasy","73","candidate"
"3","动漫幻想图\蓝焰玻璃·冷感少女3.png","蓝焰玻璃·冷感少女3",".png","941","1672","0.56","portrait","2.16","Glasshouse Dreams / 玻璃温室梦","mist-blue;greenhouse;fantasy","73","candidate"
"artwork-9d36aef250","动漫幻想图\水晶花房·荧光蝶少女.png","水晶花房·荧光蝶少女",".png","941","1672","0.56","portrait","2.04","Glasshouse Dreams / 玻璃温室梦","greenhouse;fantasy","73","candidate"
"0","手机壁纸\温室晨光露珠0.png","温室晨光露珠0",".png","941","1672","0.56","portrait","1.93","Glasshouse Dreams / 玻璃温室梦","morning;soft-green;greenhouse","73","candidate"
"chatgpt-image-2026-5-10-01-38-26","ChatGPT Image 2026年5月10日 01_38_26.png","ChatGPT Image 2026年5月10日 01_38_26",".png","1672","941","1.78","landscape","2.3","Needs Review / 待人工判断","review","73","candidate"
"chatgpt-image-2026-5-10-01-40-13","ChatGPT Image 2026年5月10日 01_40_13.png","ChatGPT Image 2026年5月10日 01_40_13",".png","1672","941","1.78","landscape","2.47","Needs Review / 待人工判断","review","73","candidate"
"chatgpt-image-2026-5-10-16-16-39","ChatGPT Image 2026年5月10日 16_16_39.png","ChatGPT Image 2026年5月10日 16_16_39",".png","1448","1086","1.33","landscape","2.13","Needs Review / 待人工判断","review","73","candidate"
"chatgpt-image-2026-5-10-16-23-21","ChatGPT Image 2026年5月10日 16_23_21.png","ChatGPT Image 2026年5月10日 16_23_21",".png","1448","1086","1.33","landscape","1.79","Needs Review / 待人工判断","review","73","candidate"
"gpt-image-2-medium-b","gpt-image-2 (medium)_b_原创日系清透插画，宽幅横版。夏末河岸边，.png","gpt-image-2 (medium)_b_原创日系清透插画，宽幅横版。夏末河岸边，",".png","1715","917","1.87","landscape","2.47","Needs Review / 待人工判断","review","73","candidate"
"artwork-237e2667ee","动漫幻想图\暗红雨夜·便利店窗边.png","暗红雨夜·便利店窗边",".png","941","1672","0.56","portrait","2.08","Rain Archive / 雨的档案","rainy;night;muted-red;fantasy","73","candidate"
"0","新陶瓷美学\釉色的绿色系\粉青釉·雨雾陶瓷少女0.png","粉青釉·雨雾陶瓷少女0",".png","941","1672","0.56","portrait","2.36","Rain Archive / 雨的档案","rainy;soft-pink;soft-green","73","candidate"
"1","新陶瓷美学\釉色的绿色系\粉青釉·雨雾陶瓷少女1.png","粉青釉·雨雾陶瓷少女1",".png","941","1672","0.56","portrait","2.48","Rain Archive / 雨的档案","rainy;soft-pink;soft-green","73","candidate"
"2","新陶瓷美学\釉色的绿色系\粉青釉·雨雾陶瓷少女2.png","粉青釉·雨雾陶瓷少女2",".png","941","1672","0.56","portrait","2.17","Rain Archive / 雨的档案","rainy;soft-pink;soft-green","73","candidate"
"0","新陶瓷美学\釉色的红色系\霁红：雨霁天开0.png","霁红：雨霁天开0",".png","941","1672","0.56","portrait","2.45","Rain Archive / 雨的档案","rainy;muted-red","73","candidate"
"1","新陶瓷美学\釉色的红色系\霁红：雨霁天开1.png","霁红：雨霁天开1",".png","2160","3840","0.56","portrait","8.15","Rain Archive / 雨的档案","rainy;muted-red","73","candidate"
"artwork-ef58c7dc67","传统瓷器美学\秘色越窑·雨后静思.png","秘色越窑·雨后静思",".png","941","1672","0.56","portrait","2.24","Rain Archive / 雨的档案","rainy","73","candidate"
"1","传统瓷器美学\秘色越窑·雨后少女1.png","秘色越窑·雨后少女1",".png","941","1672","0.56","portrait","2.05","Rain Archive / 雨的档案","rainy","73","candidate"
"artwork-97c89ebb1e","传统瓷器美学\汝窑雨霁 · 云破月来.png","汝窑雨霁 · 云破月来",".png","941","1672","0.56","portrait","2.28","Rain Archive / 雨的档案","rainy","73","candidate"
"artwork-14687f9cf2","新陶瓷美学\天青：汝窑雨霁 · 云破月来.png","天青：汝窑雨霁 · 云破月来",".png","941","1672","0.56","portrait","2.1","Rain Archive / 雨的档案","rainy","73","candidate"
"0","新陶瓷美学\釉色的蓝色系\天青色：雨过云开0.png","天青色：雨过云开0",".png","941","1672","0.56","portrait","2.52","Rain Archive / 雨的档案","rainy;mist-blue","73","candidate"
"1","新陶瓷美学\釉色的蓝色系\天青色：雨过云开1.png","天青色：雨过云开1",".png","941","1672","0.56","portrait","2.19","Rain Archive / 雨的档案","rainy;mist-blue","73","candidate"
"0","传统瓷器美学\天青雨后·绘坯少女0.png","天青雨后·绘坯少女0",".png","941","1672","0.56","portrait","2.01","Rain Archive / 雨的档案","rainy","73","candidate"
"1","传统瓷器美学\天青雨后·绘坯少女1.png","天青雨后·绘坯少女1",".png","941","1672","0.56","portrait","2.02","Rain Archive / 雨的档案","rainy","73","candidate"
"artwork-8d47d5aee1","动漫幻想图\雨滴窗台·清透少女.png","雨滴窗台·清透少女",".png","941","1672","0.56","portrait","2.1","Rain Archive / 雨的档案","rainy;fantasy","73","candidate"
"0","手机壁纸\雨后玻璃窗0.png","雨后玻璃窗0",".png","941","1672","0.56","portrait","2.23","Rain Archive / 雨的档案","rainy;greenhouse","73","candidate"
"0","动漫幻想图\雨后窗边的私语0.png","雨后窗边的私语0",".png","941","1672","0.56","portrait","2.17","Rain Archive / 雨的档案","rainy;fantasy","73","candidate"
"1","动漫幻想图\雨后窗边的私语1.png","雨后窗边的私语1",".png","941","1672","0.56","portrait","2.17","Rain Archive / 雨的档案","rainy;fantasy","73","candidate"
"0","传统瓷器美学\雨后青花·润色少女0.png","雨后青花·润色少女0",".png","941","1672","0.56","portrait","2.35","Rain Archive / 雨的档案","rainy","73","candidate"
"1","传统瓷器美学\雨后青花·润色少女1.png","雨后青花·润色少女1",".png","941","1672","0.56","portrait","2.57","Rain Archive / 雨的档案","rainy","73","candidate"
"2","传统瓷器美学\雨后青花·润色少女2.png","雨后青花·润色少女2",".png","941","1672","0.56","portrait","2.39","Rain Archive / 雨的档案","rainy","73","candidate"
"artwork-ce267ccac9","铅笔线稿图\雨落无声与水墨碳焦.png","雨落无声与水墨碳焦",".png","941","1672","0.56","portrait","2.57","Rain Archive / 雨的档案","rainy;atelier","73","candidate"
"artwork-59cd9223d5","动漫幻想图\雨夜便利店·霓虹少女.png","雨夜便利店·霓虹少女",".png","940","1672","0.56","portrait","2.66","Rain Archive / 雨的档案","rainy;night;fantasy","73","candidate"
"artwork-9eb913c3e7","铅笔线稿图\雨夜楼梯间 · 蓝灰静听感.png","雨夜楼梯间 · 蓝灰静听感",".png","941","1672","0.56","portrait","2.41","Rain Archive / 雨的档案","rainy;night;mist-blue;atelier","73","candidate"
"artwork-c910208de9","传统瓷器美学\郎窑红釉 · 雪中朱砂.png","郎窑红釉 · 雪中朱砂",".png","941","1672","0.56","portrait","2.41","Seasonal Stations / 季节候车室","winter;muted-red","73","candidate"
"artwork-b133f5089f","手机壁纸\雪地红伞.png","雪地红伞",".png","941","1672","0.56","portrait","2.13","Seasonal Stations / 季节候车室","winter;muted-red","73","candidate"
"artwork-307f68632c","新陶瓷美学\釉色的红色系\雪花红：寒釉碎雪.png","雪花红：寒釉碎雪",".png","941","1672","0.56","portrait","2.53","Seasonal Stations / 季节候车室","winter;muted-red","73","candidate"
"0","新陶瓷美学\釉色的蓝色系\雪花蓝：飞雪入釉0.png","雪花蓝：飞雪入釉0",".png","941","1672","0.56","portrait","2.6","Seasonal Stations / 季节候车室","winter;mist-blue","73","candidate"
"1","新陶瓷美学\釉色的蓝色系\雪花蓝：飞雪入釉1.png","雪花蓝：飞雪入釉1",".png","941","1672","0.56","portrait","2.16","Seasonal Stations / 季节候车室","winter;mist-blue","73","candidate"
"0","铅笔线稿图\雪灰冰枝少女0.png","雪灰冰枝少女0",".png","941","1672","0.56","portrait","2.53","Seasonal Stations / 季节候车室","winter;atelier","73","candidate"
"1","手机壁纸\雪夜毛衣1.png","雪夜毛衣1",".png","941","1672","0.56","portrait","2.06","Seasonal Stations / 季节候车室","winter;night","73","candidate"
"4","手机壁纸\雪夜围巾感4.png","雪夜围巾感4",".png","941","1672","0.56","portrait","2.12","Seasonal Stations / 季节候车室","winter;night","73","candidate"
"artwork-b23fd6b9bd","厚涂水粉丙烯画\白露.png","白露",".png","1254","1254","1","square","2.97","Atelier Hours / 画室时刻","soft-pink","71","candidate"
"artwork-462b099942","厚涂水粉丙烯画\冰晶花窗风.png","冰晶花窗风",".png","1254","1254","1","square","2.91","Atelier Hours / 画室时刻","soft-pink","71","candidate"
"artwork-16abcc91af","厚涂水粉丙烯画\晨曦绸缎风.png","晨曦绸缎风",".png","1254","1254","1","square","2.8","Atelier Hours / 画室时刻","soft-pink","71","candidate"
"artwork-cac491ebd1","厚涂水粉丙烯画\处暑.png","处暑",".png","1254","1254","1","square","2.8","Atelier Hours / 画室时刻","soft-pink","71","candidate"
"artwork-eb715c88e7","厚涂水粉丙烯画\蝶翼霓彩风.png","蝶翼霓彩风",".png","1254","1254","1","square","2.83","Atelier Hours / 画室时刻","soft-pink","71","candidate"
"artwork-18dd6bdf91","厚涂水粉丙烯画\海盐贝壳梦境风.png","海盐贝壳梦境风",".png","1254","1254","1","square","3.04","Atelier Hours / 画室时刻","soft-pink","71","candidate"
"artwork-0985d96a59","厚涂水粉丙烯画\极光花冠风.png","极光花冠风",".png","1254","1254","1","square","2.9","Atelier Hours / 画室时刻","soft-pink","71","candidate"
"artwork-1854961ece","厚涂水粉丙烯画\极光丝雾风.png","极光丝雾风",".png","1254","1254","1","square","2.79","Atelier Hours / 画室时刻","soft-pink","71","candidate"
"artwork-e641ed6191","厚涂水粉丙烯画\惊蛰.png","惊蛰",".png","1254","1254","1","square","3.31","Atelier Hours / 画室时刻","soft-pink","71","candidate"
"artwork-1c16083a9d","厚涂水粉丙烯画\立夏.png","立夏",".png","1254","1254","1","square","2.81","Atelier Hours / 画室时刻","soft-pink","71","candidate"
"artwork-0348aad9df","厚涂水粉丙烯画\流体糖霜风.png","流体糖霜风",".png","1254","1254","1","square","2.62","Atelier Hours / 画室时刻","soft-pink","71","candidate"
"artwork-dc35ebbef8","厚涂水粉丙烯画\琉璃花潮风.png","琉璃花潮风",".png","1254","1254","1","square","3.26","Atelier Hours / 画室时刻","soft-pink","71","candidate"
"artwork-1b652f8b58","厚涂水粉丙烯画\霜降.png","霜降",".png","1254","1254","1","square","3.07","Atelier Hours / 画室时刻","soft-pink","71","candidate"
"artwork-853b670127","厚涂水粉丙烯画\夏至.png","夏至",".png","1254","1254","1","square","3.4","Atelier Hours / 画室时刻","soft-pink","71","candidate"
"artwork-7fd75cfe62","厚涂水粉丙烯画\小满.png","小满",".png","1254","1254","1","square","3.05","Atelier Hours / 画室时刻","soft-pink","71","candidate"
"artwork-6e1d29bcb1","厚涂水粉丙烯画\星纱花雾风.png","星纱花雾风",".png","1254","1254","1","square","3.15","Atelier Hours / 画室时刻","soft-pink","71","candidate"
"artwork-f679ada6ec","厚涂水粉丙烯画\羽雾晨光风.png","羽雾晨光风",".png","1254","1254","1","square","2.58","Atelier Hours / 画室时刻","morning;soft-pink","71","candidate"
"0","厚涂水粉丙烯画\月下珐琅风0.png","月下珐琅风0",".png","1254","1254","1","square","2.91","Atelier Hours / 画室时刻","soft-pink","71","candidate"
"1","厚涂水粉丙烯画\月下珐琅风1.png","月下珐琅风1",".png","1254","1254","1","square","2.82","Atelier Hours / 画室时刻","soft-pink","71","candidate"
"artwork-21ffa4e707","厚涂水粉丙烯画\玻璃雨季风.png","玻璃雨季风",".png","1254","1254","1","square","2.97","Rain Archive / 雨的档案","rainy;soft-pink;greenhouse","71","candidate"
"grain-rain","厚涂水粉丙烯画\谷雨.png","谷雨",".png","1254","1254","1","square","2.86","Rain Archive / 雨的档案","rainy;spring;soft-pink","71","candidate"
"rain-water-season","厚涂水粉丙烯画\雨水.png","雨水",".png","1254","1254","1","square","2.89","Rain Archive / 雨的档案","rainy;soft-pink","71","candidate"
"artwork-7c72f54bf8","厚涂水粉丙烯画\大雪.png","大雪",".png","1254","1254","1","square","3.03","Seasonal Stations / 季节候车室","winter;soft-pink","71","candidate"
"beginning-of-spring","厚涂水粉丙烯画\立春.png","立春",".png","1254","1254","1","square","3.06","Seasonal Stations / 季节候车室","spring;soft-pink","71","candidate"
"artwork-05731c4b2f","厚涂水粉丙烯画\立冬.png","立冬",".png","1254","1254","1","square","3.16","Seasonal Stations / 季节候车室","winter;soft-pink","71","candidate"
"artwork-5e5af74a1a","简约壁纸图\白鹿与森林晨雾.png","白鹿与森林晨雾",".png","941","1672","0.56","portrait","1.38","Needs Review / 待人工判断","review","70","candidate"
"artwork-1243125b7b","忧郁孤独\白天等电车发呆.png","白天等电车发呆",".png","941","1672","0.56","portrait","2.22","Needs Review / 待人工判断","review","70","candidate"
"artwork-854502f441","眼镜镜片反射\晨雾森林版.png","晨雾森林版",".png","941","1672","0.56","portrait","1.9","Needs Review / 待人工判断","review","70","candidate"
"artwork-2ddc92aa51","简约壁纸图\春日自行车道·柳树新芽.png","春日自行车道·柳树新芽",".png","941","1672","0.56","portrait","2.32","Needs Review / 待人工判断","spring","70","candidate"
"artwork-d223ede2d3","简约壁纸图\海边黄昏散步.png","海边黄昏散步",".png","941","1672","0.56","portrait","1.54","Needs Review / 待人工判断","dusk;amber","70","candidate"
"artwork-04f1052e67","简约壁纸图\海边绿房子·夏日风.png","海边绿房子·夏日风",".png","941","1672","0.56","portrait","2.17","Needs Review / 待人工判断","soft-green","70","candidate"
"artwork-c44d64e4f8","眼镜镜片反射\海面晨光反射版.png","海面晨光反射版",".png","941","1672","0.56","portrait","2.02","Needs Review / 待人工判断","morning","70","candidate"
"artwork-47e28e9ec2","简约壁纸图\河堤边放纸船的少女.png","河堤边放纸船的少女",".png","941","1672","0.56","portrait","1.38","Needs Review / 待人工判断","review","70","candidate"
"artwork-248df02cc1","简约壁纸图\荷叶码头·湖风少女.png","荷叶码头·湖风少女",".png","941","1672","0.56","portrait","2.08","Needs Review / 待人工判断","review","70","candidate"
"2","站立\黑2.png","黑2",".png","2160","3840","0.56","portrait","7.9","Needs Review / 待人工判断","review","70","candidate"
"0","忧郁孤独\黑发回眸0.png","黑发回眸0",".png","1024","1536","0.67","portrait","2.36","Needs Review / 待人工判断","review","70","candidate"
"4","忧郁孤独\黑发回眸4.png","黑发回眸4",".png","1085","1450","0.75","portrait","2.27","Needs Review / 待人工判断","review","70","candidate"
"artwork-822b9a301c","51\花海中的小甜妹.png","花海中的小甜妹",".png","1024","1536","0.67","portrait","2.8","Needs Review / 待人工判断","review","70","candidate"
"artwork-4e188c719d","忧郁孤独\黄昏等电车.png","黄昏等电车",".png","941","1672","0.56","portrait","1.93","Needs Review / 待人工判断","dusk;amber","70","candidate"
"artwork-3e889dfb78","忧郁孤独\黄昏电车发呆.png","黄昏电车发呆",".png","941","1672","0.56","portrait","1.85","Needs Review / 待人工判断","dusk;amber","70","candidate"
"artwork-3dfab219de","眼镜镜片反射\极光天穹版.png","极光天穹版",".png","941","1672","0.56","portrait","1.9","Needs Review / 待人工判断","review","70","candidate"
"2","站立\金2.png","金2",".png","941","1672","0.56","portrait","2.1","Needs Review / 待人工判断","review","70","candidate"
"6","站立\金6.png","金6",".png","941","1672","0.56","portrait","2.6","Needs Review / 待人工判断","review","70","candidate"
"artwork-b18d667a69","简约壁纸图\镜面湖与单棵树.png","镜面湖与单棵树",".png","941","1672","0.56","portrait","1.54","Needs Review / 待人工判断","review","70","candidate"
"artwork-2f8b9851a8","简约壁纸图\绿色邮局·春日信件.png","绿色邮局·春日信件",".png","941","1672","0.56","portrait","2.13","Needs Review / 待人工判断","spring;soft-green","70","candidate"
"artwork-f5805764f1","简约壁纸图\绿荫白墙·静止夏天.png","绿荫白墙·静止夏天",".png","941","1672","0.56","portrait","1.53","Needs Review / 待人工判断","soft-green","70","candidate"
"artwork-4dcef4ae95","站立\浅紫.png","浅紫",".png","1024","1536","0.67","portrait","2.38","Needs Review / 待人工判断","review","70","candidate"
"artwork-37287675af","简约壁纸图\青柚汽水店·清爽夏日.png","青柚汽水店·清爽夏日",".png","941","1672","0.56","portrait","1.36","Needs Review / 待人工判断","review","70","candidate"
"artwork-2909479400","站立\森系清新少女.png","森系清新少女",".png","2160","3840","0.56","portrait","12.29","Needs Review / 待人工判断","review","70","candidate"
"artwork-8987ac84f3","简约壁纸图\苔藓旧书店·森林入口.png","苔藓旧书店·森林入口",".png","941","1672","0.56","portrait","2.35","Needs Review / 待人工判断","review","70","candidate"
"artwork-25e6e2c060","站立\甜系针织风少女.png","甜系针织风少女",".png","1024","1536","0.67","portrait","2.5","Needs Review / 待人工判断","review","70","candidate"
"artwork-08ea7c1fa9","简约壁纸图\屋顶看星空的少女.png","屋顶看星空的少女",".png","941","1672","0.56","portrait","1.51","Needs Review / 待人工判断","review","70","candidate"
"artwork-e9eca3e19b","简约壁纸图\夏日汽水色少女.png","夏日汽水色少女",".png","941","1672","0.56","portrait","1.72","Needs Review / 待人工判断","review","70","candidate"
"artwork-d7a176be27","眼镜镜片反射\向日葵原野版.png","向日葵原野版",".png","941","1672","0.56","portrait","2.07","Needs Review / 待人工判断","review","70","candidate"
"10","站立\银10.png","银10",".png","941","1672","0.56","portrait","2.27","Needs Review / 待人工判断","review","70","candidate"
"2","51\银2.png","银2",".png","1024","1536","0.67","portrait","1.99","Needs Review / 待人工判断","review","70","candidate"
"7","站立\银7.png","银7",".png","2160","3840","0.56","portrait","10.67","Needs Review / 待人工判断","review","70","candidate"
"9","站立\银9.png","银9",".png","941","1672","0.56","portrait","1.71","Needs Review / 待人工判断","review","70","candidate"
"artwork-949d96ccc0","51\银发紫眼.png","银发紫眼",".png","1024","1536","0.67","portrait","2.42","Needs Review / 待人工判断","review","70","candidate"
"0","51\银紫0.png","银紫0",".png","1024","1536","0.67","portrait","2.17","Needs Review / 待人工判断","review","70","candidate"
"1","站立\银紫1.png","银紫1",".png","1024","1536","0.67","portrait","2.18","Needs Review / 待人工判断","review","70","candidate"
"artwork-20ba9f807a","简约壁纸图\月下白鹿.png","月下白鹿",".png","941","1672","0.56","portrait","1.48","Needs Review / 待人工判断","review","70","candidate"
"artwork-4bbeb78b36","简约壁纸图\月夜湖边少女.png","月夜湖边少女",".png","941","1672","0.56","portrait","1.4","Needs Review / 待人工判断","night","70","candidate"
"artwork-a9d3499587","眼镜镜片反射\云朵棉花糖黄昏版.png","云朵棉花糖黄昏版",".png","941","1672","0.56","portrait","1.92","Needs Review / 待人工判断","dusk;amber","70","candidate"
"artwork-37365f5b5d","简约壁纸图\云海之上的白色回廊.png","云海之上的白色回廊",".png","941","1672","0.56","portrait","1.34","Needs Review / 待人工判断","review","70","candidate"
"artwork-c40d6e83ea","电脑壁纸\咖啡馆窗边.png","咖啡馆窗边",".png","3840","2160","1.78","landscape","7.71","Blue Rooms / 蓝调房间","review","66","candidate"
"artwork-fc461502db","电脑壁纸\浅粉天空.png","浅粉天空",".png","1672","941","1.78","landscape","1.04","Blue Rooms / 蓝调房间","soft-pink","66","candidate"
"0","电脑壁纸\月光窗边·银发蝴蝶少女0.png","月光窗边·银发蝴蝶少女0",".png","3840","2160","1.78","landscape","11.91","Blue Rooms / 蓝调房间","night","66","candidate"
"1","电脑壁纸\月光窗边·银发蝴蝶少女1.png","月光窗边·银发蝴蝶少女1",".png","3840","2160","1.78","landscape","10.95","Blue Rooms / 蓝调房间","night","66","candidate"
"0","动漫幻想图\机械星环·未来感少女0.png","机械星环·未来感少女0",".png","3840","2160","1.78","landscape","12.3","Distant Fables / 远方寓言","fantasy","66","candidate"
"artwork-539530e1ef","电脑壁纸\雨后机场跑道·清晨少女.png","雨后机场跑道·清晨少女",".png","3840","2160","1.78","landscape","8.75","Rain Archive / 雨的档案","rainy;morning","66","candidate"
"artwork-cd98a14833","电脑壁纸\雪夜便利店·孤独暖光.png","雪夜便利店·孤独暖光",".png","1672","941","1.78","landscape","2.07","Seasonal Stations / 季节候车室","winter;night;amber","66","candidate"
"chatgpt-image-2026-5-16-16-41-05","铅笔线稿图\ChatGPT Image 2026年5月16日 16_41_05.png","ChatGPT Image 2026年5月16日 16_41_05",".png","941","1672","0.56","portrait","3.22","Atelier Hours / 画室时刻","atelier","65","candidate"
"gpt-image-2-medium-b-an-original-high-end","铅笔线稿图\gpt-image-2 (medium)_b_An_original_high-end.png","gpt-image-2 (medium)_b_An_original_high-end",".png","941","1672","0.56","portrait","2.43","Atelier Hours / 画室时刻","atelier","65","candidate"
"gpt-image-2-medium-b-9-16","动漫幻想图\gpt-image-2 (medium)_b_原创二次元半写实厚涂插画，9_16竖屏，.png","gpt-image-2 (medium)_b_原创二次元半写实厚涂插画，9_16竖屏，",".png","941","1672","0.56","portrait","2.23","Atelier Hours / 画室时刻","fantasy","65","candidate"
"gpt-image-2-medium-b-9-16-1","动漫幻想图\gpt-image-2 (medium)_b_原创二次元半写实厚涂插画，9_16竖屏， (1).png","gpt-image-2 (medium)_b_原创二次元半写实厚涂插画，9_16竖屏， (1)",".png","941","1672","0.56","portrait","2.09","Atelier Hours / 画室时刻","fantasy","65","candidate"
"gpt-image-2-medium-b","铅笔线稿图\gpt-image-2 (medium)_b_原创高级日系二次元半写实插画，竖屏全身构.png","gpt-image-2 (medium)_b_原创高级日系二次元半写实插画，竖屏全身构",".png","941","1672","0.56","portrait","2.61","Atelier Hours / 画室时刻","atelier","65","candidate"
"gpt-image-2-medium-b-9-16","铅笔线稿图\gpt-image-2 (medium)_b_原创高级日系二次元插画，9_16竖屏，半.png","gpt-image-2 (medium)_b_原创高级日系二次元插画，9_16竖屏，半",".png","941","1672","0.56","portrait","2.49","Atelier Hours / 画室时刻","atelier","65","candidate"
"gpt-image-2-medium-b-9-16","铅笔线稿图\gpt-image-2 (medium)_b_原创日系二次元半写实插画，9_16竖屏，.png","gpt-image-2 (medium)_b_原创日系二次元半写实插画，9_16竖屏，",".png","941","1672","0.56","portrait","2.08","Atelier Hours / 画室时刻","atelier","65","candidate"
"artwork-972daacc10","铅笔线稿图\银盐胶片与浮雕金箔.png","银盐胶片与浮雕金箔",".png","887","1774","0.5","portrait","2.51","Atelier Hours / 画室时刻","atelier","65","candidate"
"chatgpt-image-2026-5-9-00-01-01","动漫幻想图\ChatGPT Image 2026年5月9日 00_01_01.png","ChatGPT Image 2026年5月9日 00_01_01",".png","941","1672","0.56","portrait","2.1","Distant Fables / 远方寓言","fantasy","65","candidate"
"image-2-2","动漫幻想图\Image 2 (2).png","Image 2 (2)",".png","2160","3840","0.56","portrait","9.78","Distant Fables / 远方寓言","fantasy","65","candidate"
"0","传统瓷器美学\白瓷凝脂·纯净初晨0.png","白瓷凝脂·纯净初晨0",".png","941","1672","0.56","portrait","1.85","Future: Porcelain Silence / 瓷白静物","review","65","candidate"
"2","传统瓷器美学\白瓷凝脂·纯净初晨2.png","白瓷凝脂·纯净初晨2",".png","941","1672","0.56","portrait","1.83","Future: Porcelain Silence / 瓷白静物","review","65","candidate"
"1","传统瓷器美学\白瓷凝脂·纯净少女1.png","白瓷凝脂·纯净少女1",".png","941","1672","0.56","portrait","1.85","Future: Porcelain Silence / 瓷白静物","review","65","candidate"
"artwork-63947736c5","新陶瓷美学\釉色的绿色系\茶叶末釉·秋炉陶瓷少女.png","茶叶末釉·秋炉陶瓷少女",".png","941","1672","0.56","portrait","2.48","Future: Porcelain Silence / 瓷白静物","soft-green","65","candidate"
"artwork-91d02aee94","传统瓷器美学\茶叶末釉·陶瓷少女.png","茶叶末釉·陶瓷少女",".png","941","1672","0.56","portrait","2.3","Future: Porcelain Silence / 瓷白静物","review","65","candidate"
"artwork-4aa0eb235a","新陶瓷美学\釉色的黄色系\初禾暖釉 · 风过庭阶.png","初禾暖釉 · 风过庭阶",".png","941","1672","0.56","portrait","2.52","Future: Porcelain Silence / 瓷白静物","amber","65","candidate"
"artwork-3d3c46f74b","传统瓷器美学\磁州白地黑花·笔墨少女.png","磁州白地黑花·笔墨少女",".png","941","1672","0.56","portrait","2.28","Future: Porcelain Silence / 瓷白静物","review","65","candidate"
"0","传统瓷器美学\磁州黑白·陶瓷少女0.png","磁州黑白·陶瓷少女0",".png","941","1672","0.56","portrait","2.26","Future: Porcelain Silence / 瓷白静物","review","65","candidate"
"artwork-7297b126b0","新陶瓷美学\釉色的紫色系\丁香紫釉·月阶陶瓷少女.png","丁香紫釉·月阶陶瓷少女",".png","941","1672","0.56","portrait","2.5","Future: Porcelain Silence / 瓷白静物","review","65","candidate"
"artwork-17c62ced44","新陶瓷美学\釉色的绿色系\豆青釉·茶席陶瓷少女.png","豆青釉·茶席陶瓷少女",".png","941","1672","0.56","portrait","2.06","Future: Porcelain Silence / 瓷白静物","soft-green","65","candidate"
"artwork-9f3e0c3ff6","传统瓷器美学\珐琅瑰宝·瑰丽暗夜.png","珐琅瑰宝·瑰丽暗夜",".png","941","1672","0.56","portrait","2.49","Future: Porcelain Silence / 瓷白静物","night","65","candidate"
"0","传统瓷器美学\珐琅瑰宝·瑰丽暗夜0.png","珐琅瑰宝·瑰丽暗夜0",".png","941","1672","0.56","portrait","2.18","Future: Porcelain Silence / 瓷白静物","night","65","candidate"
"1","传统瓷器美学\珐琅瑰宝·瑰丽暗夜1.png","珐琅瑰宝·瑰丽暗夜1",".png","941","1672","0.56","portrait","2.51","Future: Porcelain Silence / 瓷白静物","night","65","candidate"
"artwork-32b575d826","新陶瓷美学\釉色的红色系\矾红：宫焰丹砂.png","矾红：宫焰丹砂",".png","941","1672","0.56","portrait","2.38","Future: Porcelain Silence / 瓷白静物","muted-red","65","candidate"
"artwork-0d5c417911","传统瓷器美学\粉彩花釉.png","粉彩花釉",".png","941","1672","0.56","portrait","2.07","Future: Porcelain Silence / 瓷白静物","soft-pink","65","candidate"
"1","传统瓷器美学\粉彩庭院·和煦少女1.png","粉彩庭院·和煦少女1",".png","941","1672","0.56","portrait","2.52","Future: Porcelain Silence / 瓷白静物","soft-pink","65","candidate"
"3","传统瓷器美学\粉彩庭院·和煦少女3.png","粉彩庭院·和煦少女3",".png","941","1672","0.56","portrait","2.32","Future: Porcelain Silence / 瓷白静物","soft-pink","65","candidate"
"artwork-7366cd458b","传统瓷器美学\粉彩庭院·和煦午后.png","粉彩庭院·和煦午后",".png","2160","3840","0.56","portrait","9.92","Future: Porcelain Silence / 瓷白静物","soft-pink","65","candidate"
"0","传统瓷器美学\粉彩紫藤·陶瓷少女0.png","粉彩紫藤·陶瓷少女0",".png","941","1672","0.56","portrait","2.25","Future: Porcelain Silence / 瓷白静物","soft-pink","65","candidate"
"artwork-988bfeca46","新陶瓷美学\釉色的蓝色系\粉青月白·春水陶瓷少女.png","粉青月白·春水陶瓷少女",".png","941","1672","0.56","portrait","2.3","Future: Porcelain Silence / 瓷白静物","spring;mist-blue;soft-pink","65","candidate"
"0","传统瓷器美学\粉青竹影·茶歇少女0.png","粉青竹影·茶歇少女0",".png","941","1672","0.56","portrait","2.17","Future: Porcelain Silence / 瓷白静物","soft-pink","65","candidate"
"artwork-46032cecd9","传统瓷器美学\粉紫霓虹·冷感少女.png","粉紫霓虹·冷感少女",".png","941","1672","0.56","portrait","2.08","Future: Porcelain Silence / 瓷白静物","soft-pink","65","candidate"
"0","新陶瓷美学\釉色的绿色系\瓜皮绿釉·闲梦陶瓷少女0.png","瓜皮绿釉·闲梦陶瓷少女0",".png","941","1672","0.56","portrait","2.08","Future: Porcelain Silence / 瓷白静物","soft-green","65","candidate"
"1","新陶瓷美学\釉色的绿色系\瓜皮绿釉·闲梦陶瓷少女1.png","瓜皮绿釉·闲梦陶瓷少女1",".png","941","1672","0.56","portrait","2.45","Future: Porcelain Silence / 瓷白静物","soft-green","65","candidate"
"artwork-c0485e4250","新陶瓷美学\釉色的黄色系\皇家黄釉·陶瓷少女.png","皇家黄釉·陶瓷少女",".png","941","1672","0.56","portrait","2.54","Future: Porcelain Silence / 瓷白静物","review","65","candidate"
"artwork-af5330a9ae","新陶瓷美学\釉色的黄色系\鸡油黄釉·陶瓷少女.png","鸡油黄釉·陶瓷少女",".png","941","1672","0.56","portrait","2.25","Future: Porcelain Silence / 瓷白静物","review","65","candidate"
"artwork-d036c57048","新陶瓷美学\釉色的红色系\祭红：祭火流光.png","祭红：祭火流光",".png","941","1672","0.56","portrait","2.35","Future: Porcelain Silence / 瓷白静物","muted-red","65","candidate"
"artwork-a8b527f259","新陶瓷美学\釉色的蓝色系\霁蓝：深海静夜.png","霁蓝：深海静夜",".png","941","1672","0.56","portrait","2.31","Future: Porcelain Silence / 瓷白静物","night;mist-blue","65","candidate"
"artwork-c5db513b15","新陶瓷美学\釉色的红色系\豇豆红：晨雾轻染.png","豇豆红：晨雾轻染",".png","941","1672","0.56","portrait","2.09","Future: Porcelain Silence / 瓷白静物","muted-red","65","candidate"
"0","传统瓷器美学\金继陶瓷少女0.png","金继陶瓷少女0",".png","941","1672","0.56","portrait","2.35","Future: Porcelain Silence / 瓷白静物","review","65","candidate"
"1","传统瓷器美学\金继陶瓷少女1.png","金继陶瓷少女1",".png","941","1672","0.56","portrait","2.26","Future: Porcelain Silence / 瓷白静物","review","65","candidate"
"0","传统瓷器美学\金丝哥窑·冰裂少女0.png","金丝哥窑·冰裂少女0",".png","941","1672","0.56","portrait","2.42","Future: Porcelain Silence / 瓷白静物","review","65","candidate"
"1","传统瓷器美学\金丝哥窑·冰裂少女1.png","金丝哥窑·冰裂少女1",".png","941","1672","0.56","portrait","2.24","Future: Porcelain Silence / 瓷白静物","review","65","candidate"
"0","新陶瓷美学\釉色的蓝色系\钧蓝窑变·流霞陶瓷少女0.png","钧蓝窑变·流霞陶瓷少女0",".png","941","1672","0.56","portrait","2.37","Future: Porcelain Silence / 瓷白静物","mist-blue","65","candidate"
"1","新陶瓷美学\釉色的蓝色系\钧蓝窑变·流霞陶瓷少女1.png","钧蓝窑变·流霞陶瓷少女1",".png","941","1672","0.56","portrait","2.4","Future: Porcelain Silence / 瓷白静物","mist-blue","65","candidate"
"artwork-7d9f3d1ba7","传统瓷器美学\钧窑瓷龙·万彩星云.png","钧窑瓷龙·万彩星云",".png","941","1672","0.56","portrait","2.48","Future: Porcelain Silence / 瓷白静物","review","65","candidate"
"artwork-5495ad4dd3","传统瓷器美学\钧窑红斑·祈愿少女.png","钧窑红斑·祈愿少女",".png","941","1672","0.56","portrait","2.36","Future: Porcelain Silence / 瓷白静物","muted-red","65","candidate"
"artwork-ca4aa46736","传统瓷器美学\钧窑幻彩·迷离少女.png","钧窑幻彩·迷离少女",".png","941","1672","0.56","portrait","2.45","Future: Porcelain Silence / 瓷白静物","review","65","candidate"
"0","传统瓷器美学\钧窑窑变·陶瓷少女0.png","钧窑窑变·陶瓷少女0",".png","941","1672","0.56","portrait","2.32","Future: Porcelain Silence / 瓷白静物","review","65","candidate"
"0","新陶瓷美学\釉色的蓝色系\孔雀蓝翡翠蓝·流艳陶瓷少女0.png","孔雀蓝翡翠蓝·流艳陶瓷少女0",".png","941","1672","0.56","portrait","2.65","Future: Porcelain Silence / 瓷白静物","mist-blue","65","candidate"
"artwork-0f512e4977","新陶瓷美学\釉色的绿色系\孔雀绿釉·华影陶瓷少女.png","孔雀绿釉·华影陶瓷少女",".png","941","1672","0.56","portrait","2.75","Future: Porcelain Silence / 瓷白静物","soft-green","65","candidate"
"artwork-706d6ab41d","传统瓷器美学\孔雀绿釉·陶瓷少女.png","孔雀绿釉·陶瓷少女",".png","941","1672","0.56","portrait","2.07","Future: Porcelain Silence / 瓷白静物","soft-green","65","candidate"
"0","传统瓷器美学\蓝冰裂纹·冷感少女0.png","蓝冰裂纹·冷感少女0",".png","941","1672","0.56","portrait","2.46","Future: Porcelain Silence / 瓷白静物","mist-blue","65","candidate"
"artwork-7f2df33c47","新陶瓷美学\郎红火釉 · 朱焰灼心.png","郎红火釉 · 朱焰灼心",".png","941","1672","0.56","portrait","2.36","Future: Porcelain Silence / 瓷白静物","muted-red","65","candidate"
"artwork-51642f03a4","新陶瓷美学\釉色的红色系\郎窑红：烈焰凝脂.png","郎窑红：烈焰凝脂",".png","941","1672","0.56","portrait","2.24","Future: Porcelain Silence / 瓷白静物","muted-red","65","candidate"
"0","传统瓷器美学\郎窑红釉·惊艳少女0.png","郎窑红釉·惊艳少女0",".png","941","1672","0.56","portrait","2.14","Future: Porcelain Silence / 瓷白静物","muted-red","65","candidate"
"artwork-46d11590c5","传统瓷器美学\龙泉青瓷·清雅少女.png","龙泉青瓷·清雅少女",".png","941","1672","0.56","portrait","2.24","Future: Porcelain Silence / 瓷白静物","review","65","candidate"
"0","传统瓷器美学\龙泉青瓷·清雅少女0.png","龙泉青瓷·清雅少女0",".png","941","1672","0.56","portrait","2.16","Future: Porcelain Silence / 瓷白静物","review","65","candidate"
"3","传统瓷器美学\龙泉青瓷·清雅少女3.png","龙泉青瓷·清雅少女3",".png","941","1672","0.56","portrait","2.38","Future: Porcelain Silence / 瓷白静物","review","65","candidate"
"0","传统瓷器美学\龙泉青瓷·陶瓷少女0.png","龙泉青瓷·陶瓷少女0",".png","941","1672","0.56","portrait","2.03","Future: Porcelain Silence / 瓷白静物","review","65","candidate"
"artwork-d84dffa941","新陶瓷美学\釉色的绿色系\绿郎窑·苹果绿陶瓷少女.png","绿郎窑·苹果绿陶瓷少女",".png","941","1672","0.56","portrait","2.19","Future: Porcelain Silence / 瓷白静物","soft-green","65","candidate"
"0","新陶瓷美学\釉色的蓝色系\绿松石蓝秋葵蓝·清焰陶瓷少女0.png","绿松石蓝秋葵蓝·清焰陶瓷少女0",".png","941","1672","0.56","portrait","2.65","Future: Porcelain Silence / 瓷白静物","mist-blue;soft-green","65","candidate"
"1","新陶瓷美学\釉色的蓝色系\绿松石蓝秋葵蓝·清焰陶瓷少女1.png","绿松石蓝秋葵蓝·清焰陶瓷少女1",".png","941","1672","0.56","portrait","2.6","Future: Porcelain Silence / 瓷白静物","mist-blue;soft-green","65","candidate"
"artwork-214e6ee05d","新陶瓷美学\釉色的绿色系\梅子青·春溪陶瓷少女.png","梅子青·春溪陶瓷少女",".png","941","1672","0.56","portrait","2.46","Future: Porcelain Silence / 瓷白静物","spring;soft-green","65","candidate"
"0","传统瓷器美学\墨彩雅致·静夜沉思0.png","墨彩雅致·静夜沉思0",".png","941","1672","0.56","portrait","2.11","Future: Porcelain Silence / 瓷白静物","night","65","candidate"
"1","传统瓷器美学\墨彩雅致·静夜沉思1.png","墨彩雅致·静夜沉思1",".png","941","1672","0.56","portrait","2.4","Future: Porcelain Silence / 瓷白静物","night","65","candidate"
"2","传统瓷器美学\墨彩雅致·静夜沉思2.png","墨彩雅致·静夜沉思2",".png","941","1672","0.56","portrait","2.03","Future: Porcelain Silence / 瓷白静物","night","65","candidate"
"3","传统瓷器美学\墨彩雅致·静夜沉思3.png","墨彩雅致·静夜沉思3",".png","941","1672","0.56","portrait","2.02","Future: Porcelain Silence / 瓷白静物","night","65","candidate"
"0","传统瓷器美学\青花古董院·慵懒少女0.png","青花古董院·慵懒少女0",".png","941","1672","0.56","portrait","2.25","Future: Porcelain Silence / 瓷白静物","review","65","candidate"
"1","传统瓷器美学\青花古董院·慵懒少女1.png","青花古董院·慵懒少女1",".png","941","1672","0.56","portrait","2.22","Future: Porcelain Silence / 瓷白静物","review","65","candidate"
"2","传统瓷器美学\青花古董院·慵懒少女2.png","青花古董院·慵懒少女2",".png","941","1672","0.56","portrait","2.31","Future: Porcelain Silence / 瓷白静物","review","65","candidate"
"3","传统瓷器美学\青花古董院·慵懒少女3.png","青花古董院·慵懒少女3",".png","941","1672","0.56","portrait","2.14","Future: Porcelain Silence / 瓷白静物","review","65","candidate"
"artwork-a366ba1fde","传统瓷器美学\青花云龙·御风少女.png","青花云龙·御风少女",".png","941","1672","0.56","portrait","2.58","Future: Porcelain Silence / 瓷白静物","review","65","candidate"
"0","新陶瓷美学\青蓝窑火 · 冷焰流釉0.png","青蓝窑火 · 冷焰流釉0",".png","941","1672","0.56","portrait","2.43","Future: Porcelain Silence / 瓷白静物","mist-blue","65","candidate"
"1","新陶瓷美学\青蓝窑火 · 冷焰流釉1.png","青蓝窑火 · 冷焰流釉1",".png","941","1672","0.56","portrait","2.87","Future: Porcelain Silence / 瓷白静物","mist-blue","65","candidate"
"0","传统瓷器美学\汝窑天青·陶瓷少女0.png","汝窑天青·陶瓷少女0",".png","941","1672","0.56","portrait","1.94","Future: Porcelain Silence / 瓷白静物","review","65","candidate"
"1","传统瓷器美学\汝窑天青·陶瓷少女1.png","汝窑天青·陶瓷少女1",".png","941","1672","0.56","portrait","2.07","Future: Porcelain Silence / 瓷白静物","review","65","candidate"
"2","传统瓷器美学\汝窑天青·陶瓷少女2.png","汝窑天青·陶瓷少女2",".png","941","1672","0.56","portrait","2.33","Future: Porcelain Silence / 瓷白静物","review","65","candidate"
"0","新陶瓷美学\釉色的绿色系\山茶绿釉·花影陶瓷少女0.png","山茶绿釉·花影陶瓷少女0",".png","941","1672","0.56","portrait","2.22","Future: Porcelain Silence / 瓷白静物","soft-green","65","candidate"
"1","新陶瓷美学\釉色的绿色系\山茶绿釉·花影陶瓷少女1.png","山茶绿釉·花影陶瓷少女1",".png","941","1672","0.56","portrait","2.25","Future: Porcelain Silence / 瓷白静物","soft-green","65","candidate"
"artwork-d3d241fae5","新陶瓷美学\釉色的红色系\珊瑚红：海雾霞光.png","珊瑚红：海雾霞光",".png","941","1672","0.56","portrait","2.21","Future: Porcelain Silence / 瓷白静物","muted-red","65","candidate"
"artwork-f7b8d3d5cd","新陶瓷美学\釉色的绿色系\松石绿釉·海风陶瓷少女.png","松石绿釉·海风陶瓷少女",".png","941","1672","0.56","portrait","2.55","Future: Porcelain Silence / 瓷白静物","soft-green","65","candidate"
"artwork-59f2138c7a","新陶瓷美学\釉色的黄色系\钛黄釉·陶瓷少女.png","钛黄釉·陶瓷少女",".png","941","1672","0.56","portrait","2.36","Future: Porcelain Silence / 瓷白静物","review","65","candidate"
"0","传统瓷器美学\藤萝流釉·慵懒少女0.png","藤萝流釉·慵懒少女0",".png","2160","3840","0.56","portrait","9.14","Future: Porcelain Silence / 瓷白静物","review","65","candidate"
"1","传统瓷器美学\藤萝流釉·慵懒少女1.png","藤萝流釉·慵懒少女1",".png","941","1672","0.56","portrait","2.01","Future: Porcelain Silence / 瓷白静物","review","65","candidate"
"0","新陶瓷美学\釉色的蓝色系\天蓝釉：晴空初霁0.png","天蓝釉：晴空初霁0",".png","941","1672","0.56","portrait","2.4","Future: Porcelain Silence / 瓷白静物","mist-blue","65","candidate"
"1","新陶瓷美学\釉色的蓝色系\天蓝釉：晴空初霁1.png","天蓝釉：晴空初霁1",".png","941","1672","0.56","portrait","1.87","Future: Porcelain Silence / 瓷白静物","mist-blue","65","candidate"
"0","传统瓷器美学\脱胎瓷·陶瓷少女0.png","脱胎瓷·陶瓷少女0",".png","941","1672","0.56","portrait","2.06","Future: Porcelain Silence / 瓷白静物","review","65","candidate"
"0","传统瓷器美学\雾紫晚霞·瓷缘少女0.png","雾紫晚霞·瓷缘少女0",".png","941","1672","0.56","portrait","2.33","Future: Porcelain Silence / 瓷白静物","review","65","candidate"
"0","新陶瓷美学\釉色的绿色系\蟹壳青·夜窑陶瓷少女0.png","蟹壳青·夜窑陶瓷少女0",".png","941","1672","0.56","portrait","2.01","Future: Porcelain Silence / 瓷白静物","night;soft-green","65","candidate"
"1","新陶瓷美学\釉色的绿色系\蟹壳青·夜窑陶瓷少女1.png","蟹壳青·夜窑陶瓷少女1",".png","941","1672","0.56","portrait","2.68","Future: Porcelain Silence / 瓷白静物","night;soft-green","65","candidate"
"artwork-d1b9f4fbd6","新陶瓷美学\釉色的红色系\胭脂红：绮梦深染.png","胭脂红：绮梦深染",".png","941","1672","0.56","portrait","2.11","Future: Porcelain Silence / 瓷白静物","muted-red","65","candidate"
"0","传统瓷器美学\烟青墨染·静谧少女0.png","烟青墨染·静谧少女0",".png","2160","3840","0.56","portrait","9.78","Future: Porcelain Silence / 瓷白静物","review","65","candidate"
"1","传统瓷器美学\烟青墨染·静谧少女1.png","烟青墨染·静谧少女1",".png","941","1672","0.56","portrait","2.22","Future: Porcelain Silence / 瓷白静物","review","65","candidate"
"artwork-0e60b5659a","传统瓷器美学\窑变无双·舞动少女.png","窑变无双·舞动少女",".png","941","1672","0.56","portrait","2.69","Future: Porcelain Silence / 瓷白静物","review","65","candidate"
"0","新陶瓷美学\曜变黑釉 · 星焰天目0.png","曜变黑釉 · 星焰天目0",".png","941","1672","0.56","portrait","2.32","Future: Porcelain Silence / 瓷白静物","review","65","candidate"
"1","新陶瓷美学\曜变黑釉 · 星焰天目1.png","曜变黑釉 · 星焰天目1",".png","941","1672","0.56","portrait","2.37","Future: Porcelain Silence / 瓷白静物","review","65","candidate"
"artwork-5bcce4a12f","传统瓷器美学\曜变天目·星辰少女.png","曜变天目·星辰少女",".png","2160","3840","0.56","portrait","9.23","Future: Porcelain Silence / 瓷白静物","review","65","candidate"
"0","传统瓷器美学\影青透雕·陶瓷少女0.png","影青透雕·陶瓷少女0",".png","941","1672","0.56","portrait","2.47","Future: Porcelain Silence / 瓷白静物","review","65","candidate"
"artwork-038e149507","新陶瓷美学\釉色的红色系\釉里红：白地藏绯.png","釉里红：白地藏绯",".png","941","1672","0.56","portrait","1.87","Future: Porcelain Silence / 瓷白静物","muted-red","65","candidate"
"3","传统瓷器美学\釉下五彩·静谧少女3.png","釉下五彩·静谧少女3",".png","941","1672","0.56","portrait","2.23","Future: Porcelain Silence / 瓷白静物","review","65","candidate"
"0","传统瓷器美学\釉下五彩·静谧时光0.png","釉下五彩·静谧时光0",".png","941","1672","0.56","portrait","2.22","Future: Porcelain Silence / 瓷白静物","review","65","candidate"
"2","传统瓷器美学\釉下五彩·静谧时光2.png","釉下五彩·静谧时光2",".png","2174","3848","0.56","portrait","12.3","Future: Porcelain Silence / 瓷白静物","review","65","candidate"
"artwork-4d090be1d0","手机壁纸\薄荷绿.png","薄荷绿",".png","1024","1536","0.67","portrait","2.75","Needs Review / 待人工判断","soft-green","65","candidate"
"1","手机壁纸\草莓奶油1.png","草莓奶油1",".png","941","1672","0.56","portrait","1.85","Needs Review / 待人工判断","review","65","candidate"
"artwork-febcf88758","手机壁纸\粉.png","粉",".png","2048","3072","0.67","portrait","12.09","Needs Review / 待人工判断","soft-pink","65","candidate"
"3","手机壁纸\粉3.png","粉3",".png","941","1672","0.56","portrait","2.15","Needs Review / 待人工判断","soft-pink","65","candidate"
"artwork-fe2714f9df","手机壁纸\粉色海边.png","粉色海边",".png","941","1672","0.56","portrait","2.61","Needs Review / 待人工判断","soft-pink","65","candidate"
"artwork-a594e8afae","手机壁纸\粉色红枫树林.png","粉色红枫树林",".png","941","1672","0.56","portrait","2.62","Needs Review / 待人工判断","soft-pink;muted-red","65","candidate"
"artwork-0c7e2f9171","手机壁纸\海边公路.png","海边公路",".png","1024","1536","0.67","portrait","2.24","Needs Review / 待人工判断","review","65","candidate"
"artwork-3655abc94a","手机壁纸\海边栈道.png","海边栈道",".png","1023","1537","0.67","portrait","2","Needs Review / 待人工判断","review","65","candidate"
"0","手机壁纸\海风白衬衫0.png","海风白衬衫0",".png","941","1672","0.56","portrait","1.82","Needs Review / 待人工判断","review","65","candidate"
"0","手机壁纸\黑0.png","黑0",".png","1024","1536","0.67","portrait","2.51","Needs Review / 待人工判断","review","65","candidate"
"0","手机壁纸\蜜桃汽水0.png","蜜桃汽水0",".png","941","1672","0.56","portrait","2.25","Needs Review / 待人工判断","review","65","candidate"
"artwork-2a95df5347","手机壁纸\浅绿.png","浅绿",".png","941","1672","0.56","portrait","2.65","Needs Review / 待人工判断","soft-green","65","candidate"
"0","手机壁纸\软萌猫系甜欲0.png","软萌猫系甜欲0",".png","941","1672","0.56","portrait","1.97","Needs Review / 待人工判断","review","65","candidate"
"0","手机壁纸\软糯居家0.png","软糯居家0",".png","941","1672","0.56","portrait","2.05","Needs Review / 待人工判断","review","65","candidate"
"0","手机壁纸\甜妹夜景0.png","甜妹夜景0",".png","941","1672","0.56","portrait","2.07","Needs Review / 待人工判断","night","65","candidate"
"0","手机壁纸\香草冰淇淋0.png","香草冰淇淋0",".png","941","1672","0.56","portrait","1.59","Needs Review / 待人工判断","review","65","candidate"
"1","手机壁纸\夜色丝绒沙发1.png","夜色丝绒沙发1",".png","941","1672","0.56","portrait","1.62","Needs Review / 待人工判断","night","65","candidate"
"artwork-412fc423e7","手机壁纸\银发河边.png","银发河边",".png","941","1672","0.56","portrait","2.06","Needs Review / 待人工判断","review","65","candidate"
"1","手机壁纸\银发紫眼1.png","银发紫眼1",".png","941","1672","0.56","portrait","2.1","Needs Review / 待人工判断","review","65","candidate"
"0","手机壁纸\樱花牛奶0.png","樱花牛奶0",".png","941","1672","0.56","portrait","2","Needs Review / 待人工判断","review","65","candidate"
"1","手机壁纸\棕1.png","棕1",".png","941","1672","0.56","portrait","2.17","Needs Review / 待人工判断","review","65","candidate"
"1","51\黑1.png","黑1",".png","1536","1024","1.5","landscape","2.01","Needs Review / 待人工判断","review","63","review-later"
"2","忧郁孤独\黑发回眸2.png","黑发回眸2",".png","1672","941","1.78","landscape","2.3","Needs Review / 待人工判断","review","63","review-later"
"5","51\银5.png","银5",".png","1536","1024","1.5","landscape","2.03","Needs Review / 待人工判断","review","63","review-later"
"chatgpt-image-2026-5-2-23-51-34","简约壁纸图\ChatGPT Image 2026年5月2日 23_51_34.png","ChatGPT Image 2026年5月2日 23_51_34",".png","941","1672","0.56","portrait","2.03","Needs Review / 待人工判断","review","62","review-later"
"gpt-image-2-medium-b-a-aesthetic-conce","眼镜镜片反射\gpt-image-2 (medium)_b_A唯美(aesthetic)_conce.png","gpt-image-2 (medium)_b_A唯美(aesthetic)_conce",".png","1024","1536","0.67","portrait","2.38","Needs Review / 待人工判断","review","62","review-later"
"gpt-image-2-medium-b-a-aesthetic-high","眼镜镜片反射\gpt-image-2 (medium)_b_A唯美(aesthetic)_high-.png","gpt-image-2 (medium)_b_A唯美(aesthetic)_high-",".png","1024","1536","0.67","portrait","2.52","Needs Review / 待人工判断","review","62","review-later"
"1","51\银1.png","银1",".png","853","1844","0.46","portrait","1.92","Needs Review / 待人工判断","review","62","review-later"
"4","51\银4.png","银4",".png","864","1821","0.47","portrait","2.14","Needs Review / 待人工判断","review","62","review-later"
"2","电脑壁纸\月光窗边·银发蝴蝶少女2.jpg","月光窗边·银发蝴蝶少女2",".jpg","2276","1280","1.78","landscape","0.27","Blue Rooms / 蓝调房间","night","61","review-later"
"artwork-4d090be1d0","电脑壁纸\薄荷绿.png","薄荷绿",".png","1672","941","1.78","landscape","2.78","Needs Review / 待人工判断","soft-green","58","review-later"
"0","电脑壁纸\电车车厢0.png","电车车厢0",".png","3840","2160","1.78","landscape","8.21","Needs Review / 待人工判断","review","58","review-later"
"1","电脑壁纸\电车车厢1.png","电车车厢1",".png","5460","3073","1.78","landscape","12.86","Needs Review / 待人工判断","review","58","review-later"
"7","电脑壁纸\金7.png","金7",".png","1672","941","1.78","landscape","1.87","Needs Review / 待人工判断","review","58","review-later"
"artwork-19f612c524","电脑壁纸\绿草地.png","绿草地",".png","5460","3073","1.78","landscape","7.87","Needs Review / 待人工判断","soft-green","58","review-later"
"artwork-2cbcebe1d2","电脑壁纸\山间公路.png","山间公路",".png","1672","941","1.78","landscape","1.92","Needs Review / 待人工判断","review","58","review-later"
"11","电脑壁纸\银11.png","银11",".png","1672","941","1.78","landscape","2.07","Needs Review / 待人工判断","review","58","review-later"
"6","电脑壁纸\银6.png","银6",".png","1536","1024","1.5","landscape","2.1","Needs Review / 待人工判断","review","58","review-later"
"8","电脑壁纸\银8.png","银8",".png","1536","1024","1.5","landscape","1.96","Needs Review / 待人工判断","review","58","review-later"
"0","电脑壁纸\棕0.png","棕0",".png","1672","941","1.78","landscape","2.08","Needs Review / 待人工判断","review","58","review-later"
"chatgpt-image-2026-5-8-13-14-13","传统瓷器美学\ChatGPT Image 2026年5月8日 13_14_13.png","ChatGPT Image 2026年5月8日 13_14_13",".png","941","1672","0.56","portrait","2.14","Future: Porcelain Silence / 瓷白静物","review","57","review-later"
"gpt-image-2-medium-b-9-16","传统瓷器美学\gpt-image-2 (medium)_b_原创二次元半写实插画，9_16竖屏，全身.png","gpt-image-2 (medium)_b_原创二次元半写实插画，9_16竖屏，全身",".png","941","1672","0.56","portrait","2.47","Future: Porcelain Silence / 瓷白静物","review","57","review-later"
"gpt-image-2-medium-b-9-16","传统瓷器美学\gpt-image-2 (medium)_b_原创高级日系动漫插画，9_16竖屏，全身.png","gpt-image-2 (medium)_b_原创高级日系动漫插画，9_16竖屏，全身",".png","941","1672","0.56","portrait","2.14","Future: Porcelain Silence / 瓷白静物","review","57","review-later"
"gpt-image-2-medium-b-9-16","新陶瓷美学\釉色的黄色系\gpt-image-2 (medium)_b_原创高级日系动漫插画，9_16竖屏，全身.png","gpt-image-2 (medium)_b_原创高级日系动漫插画，9_16竖屏，全身",".png","941","1672","0.56","portrait","2.49","Future: Porcelain Silence / 瓷白静物","review","57","review-later"
"image-1-1","4K图\Image 1 (1).png","Image 1 (1)",".png","2160","3840","0.56","portrait","10.88","Needs Review / 待人工判断","review","57","review-later"
"image-2","4K图\Image 2.png","Image 2",".png","2160","3840","0.56","portrait","8.84","Needs Review / 待人工判断","review","57","review-later"
"image-3","4K图\Image 3.png","Image 3",".png","2160","3840","0.56","portrait","10","Needs Review / 待人工判断","review","57","review-later"
"image-4","4K图\Image 4.png","Image 4",".png","2160","3840","0.56","portrait","12.83","Needs Review / 待人工判断","review","57","review-later"
"3","站立\金3.jpeg","金3",".jpeg","880","1168","0.75","portrait","0.29","Needs Review / 待人工判断","review","57","review-later"
"gpt-image-2-medium-b-an-extremely-close-u","眼镜镜片反射\gpt-image-2 (medium)_b_An_extremely_close-u.png","gpt-image-2 (medium)_b_An_extremely_close-u",".png","1536","1024","1.5","landscape","2.75","Needs Review / 待人工判断","review","55","review-later"
"artwork-d3ca953dd8","眼睛特写图\紫雾月铃 · 神秘幻想版.png","紫雾月铃 · 神秘幻想版",".png","941","1672","0.56","portrait","2.22","Distant Fables / 远方寓言","fantasy","53","review-later"
"artwork-3748558b2d","眼睛特写图\星海玻璃瞳 · 深蓝梦境版.png","星海玻璃瞳 · 深蓝梦境版",".png","941","1672","0.56","portrait","2.42","Glasshouse Dreams / 玻璃温室梦","mist-blue;greenhouse","53","review-later"
"artwork-5701aaaf76","眼睛特写图\雨滴琉璃 · 湿润透明版.png","雨滴琉璃 · 湿润透明版",".png","941","1672","0.56","portrait","2.1","Rain Archive / 雨的档案","rainy","53","review-later"
"artwork-b056d74c2a","眼睛特写图\雨雾玻璃.png","雨雾玻璃",".png","941","1672","0.56","portrait","2.03","Rain Archive / 雨的档案","rainy;greenhouse","53","review-later"
"0","铅笔线稿图\头像\月蚀银潮0.png","月蚀银潮0",".png","1122","1402","0.8","portrait","2.08","Atelier Hours / 画室时刻","atelier","48","review-later"
"artwork-8652becbf7","传统瓷器美学\瑕疵\碧绿温室·慵懒少女.png","碧绿温室·慵懒少女",".png","941","1672","0.56","portrait","2.12","Glasshouse Dreams / 玻璃温室梦","soft-green;greenhouse","48","review-later"
"0","传统瓷器美学\瑕疵\秘色越窑·雨后少女0.png","秘色越窑·雨后少女0",".png","941","1672","0.56","portrait","2.18","Rain Archive / 雨的档案","rainy","48","review-later"
"artwork-4c94d48690","传统瓷器美学\瑕疵\雨后青花·润色少女.png","雨后青花·润色少女",".png","941","1672","0.56","portrait","2.33","Rain Archive / 雨的档案","rainy","48","review-later"
"artwork-0b241f0273","眼睛特写图\横板\冰蓝星屑系.png","冰蓝星屑系",".png","1672","941","1.78","landscape","1.77","Blue Rooms / 蓝调房间","mist-blue","46","review-later"
"artwork-c34bfc3025","头像\窗边晨光感.png","窗边晨光感",".png","1254","1254","1","square","2.11","Blue Rooms / 蓝调房间","morning","46","review-later"
"artwork-82c25e93f1","头像\废墟教堂彩窗.png","废墟教堂彩窗",".png","1254","1254","1","square","2.3","Blue Rooms / 蓝调房间","review","46","review-later"
"artwork-ab09e1508d","头像\海边旅馆的清晨.png","海边旅馆的清晨",".png","1254","1254","1","square","1.82","Blue Rooms / 蓝调房间","morning","46","review-later"
"artwork-fbc76029a2","头像\蓝色电车窗边.png","蓝色电车窗边",".png","1254","1254","1","square","2.05","Blue Rooms / 蓝调房间","mist-blue","46","review-later"
"artwork-3158510c40","头像\末班列车窗边.png","末班列车窗边",".png","1254","1254","1","square","2.15","Blue Rooms / 蓝调房间","station","46","review-later"
"0","头像\奶油月光甜欲0.png","奶油月光甜欲0",".png","1254","1254","1","square","2.26","Blue Rooms / 蓝调房间","night","46","review-later"
"1","头像\奶油月光甜欲1.png","奶油月光甜欲1",".png","1254","1254","1","square","1.89","Blue Rooms / 蓝调房间","night","46","review-later"
"artwork-a4ca84592d","头像\清晨病弱感白床单.png","清晨病弱感白床单",".png","1254","1254","1","square","1.96","Blue Rooms / 蓝调房间","morning","46","review-later"
"0","头像\清冷月光感0.png","清冷月光感0",".png","1254","1254","1","square","2.16","Blue Rooms / 蓝调房间","night;mist-blue","46","review-later"
"1","头像\清冷月光感1.png","清冷月光感1",".png","1254","1254","1","square","1.95","Blue Rooms / 蓝调房间","night;mist-blue","46","review-later"
"artwork-ce476229ee","头像\深海水族馆蓝光.png","深海水族馆蓝光",".png","1254","1254","1","square","2.16","Blue Rooms / 蓝调房间","mist-blue","46","review-later"
"0","头像\书房窗边知性0.png","书房窗边知性0",".png","1254","1254","1","square","2.1","Blue Rooms / 蓝调房间","room","46","review-later"
"1","头像\书房窗边知性1.png","书房窗边知性1",".png","1254","1254","1","square","2.33","Blue Rooms / 蓝调房间","room","46","review-later"
"artwork-28ce5d7ab8","头像\天文台月光.png","天文台月光",".png","1254","1254","1","square","2.3","Blue Rooms / 蓝调房间","night","46","review-later"
"0","头像\夜晚天台轻抚发丝0.png","夜晚天台轻抚发丝0",".png","1254","1254","1","square","2.12","Blue Rooms / 蓝调房间","night","46","review-later"
"1","头像\夜晚天台轻抚发丝1.png","夜晚天台轻抚发丝1",".png","1254","1254","1","square","2.34","Blue Rooms / 蓝调房间","night","46","review-later"
"2","头像\月光纱裙2.png","月光纱裙2",".png","1254","1254","1","square","1.97","Blue Rooms / 蓝调房间","night","46","review-later"
"artwork-c965099cce","眼睛特写图\横板\紫雾月光系.png","紫雾月光系",".png","1672","941","1.78","landscape","2.16","Blue Rooms / 蓝调房间","night","46","review-later"
"artwork-71d46769eb","头像\清晨旧钟楼阁楼.png","清晨旧钟楼阁楼",".png","1254","1254","1","square","2.19","Distant Fables / 远方寓言","morning;room","46","review-later"
"1","头像\玻璃电梯夜景1.png","玻璃电梯夜景1",".png","1254","1254","1","square","2.08","Glasshouse Dreams / 玻璃温室梦","night;greenhouse","46","review-later"
"2","头像\玻璃糖纸2.png","玻璃糖纸2",".png","1254","1254","1","square","2.12","Glasshouse Dreams / 玻璃温室梦","greenhouse","46","review-later"
"0","头像\花房仙气感0.png","花房仙气感0",".png","1254","1254","1","square","2.08","Glasshouse Dreams / 玻璃温室梦","greenhouse","46","review-later"
"1","头像\花房仙气感1.png","花房仙气感1",".png","1254","1254","1","square","1.96","Glasshouse Dreams / 玻璃温室梦","greenhouse","46","review-later"
"artwork-230d1bd9a5","头像\摩天轮玻璃舱.png","摩天轮玻璃舱",".png","1254","1254","1","square","2.28","Glasshouse Dreams / 玻璃温室梦","greenhouse","46","review-later"
"artwork-e77b5533cf","头像\摩天轮夜景玻璃舱.png","摩天轮夜景玻璃舱",".png","1254","1254","1","square","2.26","Glasshouse Dreams / 玻璃温室梦","night;greenhouse","46","review-later"
"1","头像\温室晨光露珠1.png","温室晨光露珠1",".png","1254","1254","1","square","2.08","Glasshouse Dreams / 玻璃温室梦","morning;soft-green;greenhouse","46","review-later"
"0","头像\屋顶植物温室夜灯0.png","屋顶植物温室夜灯0",".png","1254","1254","1","square","2.56","Glasshouse Dreams / 玻璃温室梦","night;soft-green;greenhouse","46","review-later"
"1","头像\屋顶植物温室夜灯1.png","屋顶植物温室夜灯1",".png","1254","1254","1","square","2.31","Glasshouse Dreams / 玻璃温室梦","night;soft-green;greenhouse","46","review-later"
"4k","眼睛特写图\横板\星海玻璃瞳 (4K).png","星海玻璃瞳 (4K)",".png","3840","2160","1.78","landscape","10.03","Glasshouse Dreams / 玻璃温室梦","greenhouse","46","review-later"
"1","眼睛特写图\横板\星海玻璃瞳 · 深蓝梦境版1.png","星海玻璃瞳 · 深蓝梦境版1",".png","1672","941","1.78","landscape","2.41","Glasshouse Dreams / 玻璃温室梦","mist-blue;greenhouse","46","review-later"
"4k","眼睛特写图\横板\雨滴琉璃 · 湿润透明版(4K).png","雨滴琉璃 · 湿润透明版(4K)",".png","3840","2160","1.78","landscape","9.74","Rain Archive / 雨的档案","rainy","46","review-later"
"1","头像\雨后玻璃窗1.png","雨后玻璃窗1",".png","1254","1254","1","square","2.48","Rain Archive / 雨的档案","rainy;greenhouse","46","review-later"
"artwork-c18043b0a5","头像\雨后美术馆白墙.png","雨后美术馆白墙",".png","1254","1254","1","square","1.97","Rain Archive / 雨的档案","rainy","46","review-later"
"artwork-891761d7bd","眼睛特写图\横板\雨雾玻璃系.png","雨雾玻璃系",".png","1672","941","1.78","landscape","2.31","Rain Archive / 雨的档案","rainy;greenhouse","46","review-later"
"artwork-1e07ce859a","头像\雨夜电影感.png","雨夜电影感",".png","1254","1254","1","square","2.29","Rain Archive / 雨的档案","rainy;night","46","review-later"
"artwork-b05998190d","头像\雪山温泉蒸汽.png","雪山温泉蒸汽",".png","1254","1254","1","square","2.1","Seasonal Stations / 季节候车室","winter","46","review-later"
"artwork-1556b4ea3c","头像\雪夜路灯脆弱感.png","雪夜路灯脆弱感",".png","1254","1254","1","square","2.15","Seasonal Stations / 季节候车室","winter;night","46","review-later"
"0","头像\雪夜毛衣0.png","雪夜毛衣0",".png","1254","1254","1","square","2.14","Seasonal Stations / 季节候车室","winter;night","46","review-later"
"0","头像\雪夜围巾感0.png","雪夜围巾感0",".png","1254","1254","1","square","2.27","Seasonal Stations / 季节候车室","winter;night","46","review-later"
"1","头像\雪夜围巾感1.png","雪夜围巾感1",".png","1254","1254","1","square","2.42","Seasonal Stations / 季节候车室","winter;night","46","review-later"
"2","头像\雪夜围巾感2.png","雪夜围巾感2",".png","1254","1254","1","square","2.29","Seasonal Stations / 季节候车室","winter;night","46","review-later"
"3","头像\雪夜围巾感3.png","雪夜围巾感3",".png","1254","1254","1","square","2.02","Seasonal Stations / 季节候车室","winter;night","46","review-later"
"artwork-cafcb0501e","眼睛特写图\冰海星瞳.png","冰海星瞳",".png","941","1672","0.56","portrait","2.11","Needs Review / 待人工判断","review","45","review-later"
"artwork-ed8c4b3f53","眼睛特写图\赤月琉璃.png","赤月琉璃",".png","941","1672","0.56","portrait","2.17","Needs Review / 待人工判断","review","45","review-later"
"artwork-ddeb5051bf","眼睛特写图\绯樱蜜糖.png","绯樱蜜糖",".png","941","1672","0.56","portrait","1.97","Needs Review / 待人工判断","review","45","review-later"
"artwork-6dbe551f8e","眼睛特写图\极光冰晶 · 清冷空灵版.png","极光冰晶 · 清冷空灵版",".png","941","1672","0.56","portrait","1.96","Needs Review / 待人工判断","mist-blue","45","review-later"
"artwork-87719d9900","眼睛特写图\金蝶暮光 · 华丽柔金版.png","金蝶暮光 · 华丽柔金版",".png","941","1672","0.56","portrait","2.09","Needs Review / 待人工判断","review","45","review-later"
"artwork-a8de453b17","眼睛特写图\堇夜星梦.png","堇夜星梦",".png","941","1672","0.56","portrait","2.01","Needs Review / 待人工判断","night","45","review-later"
"artwork-1ba5ebc44f","眼睛特写图\玫瑰碎镜眼.png","玫瑰碎镜眼",".png","941","1672","0.56","portrait","2.29","Needs Review / 待人工判断","review","45","review-later"
"0","眼睛特写图\深海琉璃眼0.png","深海琉璃眼0",".png","941","1672","0.56","portrait","2.2","Needs Review / 待人工判断","review","45","review-later"
"artwork-badaf76cdf","眼睛特写图\糖晶心光眼.png","糖晶心光眼",".png","941","1672","0.56","portrait","2.01","Needs Review / 待人工判断","review","45","review-later"
"1","头像\甜妹夜景1.png","甜妹夜景1",".png","941","1672","0.56","portrait","1.92","Needs Review / 待人工判断","night","45","review-later"
"artwork-bae4143905","眼睛特写图\樱糖晨雾 · 甜美粉雾版.png","樱糖晨雾 · 甜美粉雾版",".png","941","1672","0.56","portrait","1.92","Needs Review / 待人工判断","soft-pink","45","review-later"
"artwork-5545ab6cc5","眼睛特写图\月雾铃兰.png","月雾铃兰",".png","941","1672","0.56","portrait","2.31","Needs Review / 待人工判断","review","45","review-later"
"artwork-8c42d4151b","眼睛特写图\月雾紫星眼.png","月雾紫星眼",".png","941","1672","0.56","portrait","2.16","Needs Review / 待人工判断","review","45","review-later"
"artwork-b23fd6b9bd","铅笔线稿图\头像\白露.png","白露",".png","1254","1254","1","square","2.86","Atelier Hours / 画室时刻","atelier","41","exclude-v1"
"1","铅笔线稿图\头像\潮汐耳语少女1.png","潮汐耳语少女1",".png","1254","1254","1","square","2.77","Atelier Hours / 画室时刻","atelier","41","exclude-v1"
"2","铅笔线稿图\头像\潮汐感温柔少女2.png","潮汐感温柔少女2",".png","1254","1254","1","square","2.87","Atelier Hours / 画室时刻","atelier","41","exclude-v1"
"2","铅笔线稿图\头像\绯雾玫瑰冷艳少女2.png","绯雾玫瑰冷艳少女2",".png","1254","1254","1","square","2.95","Atelier Hours / 画室时刻","atelier","41","exclude-v1"
"artwork-4726a346ed","铅笔线稿图\头像\绯雾玫瑰少女.png","绯雾玫瑰少女",".png","1254","1254","1","square","2.85","Atelier Hours / 画室时刻","atelier","41","exclude-v1"
"0","铅笔线稿图\头像\蜜桃薄光少女0.png","蜜桃薄光少女0",".png","1254","1254","1","square","2.85","Atelier Hours / 画室时刻","atelier","41","exclude-v1"
"2","铅笔线稿图\头像\石榴微醺少女2.png","石榴微醺少女2",".png","1254","1254","1","square","2.91","Atelier Hours / 画室时刻","atelier","41","exclude-v1"
"0","铅笔线稿图\头像\石榴余烬少女0.png","石榴余烬少女0",".png","1254","1254","1","square","2.81","Atelier Hours / 画室时刻","atelier","41","exclude-v1"
"0","铅笔线稿图\头像\月海水母少女0.png","月海水母少女0",".png","1254","1254","1","square","3.07","Atelier Hours / 画室时刻","atelier","41","exclude-v1"
"1","铅笔线稿图\头像\雪灰冰枝少女1.png","雪灰冰枝少女1",".png","1254","1254","1","square","2.82","Seasonal Stations / 季节候车室","winter;atelier","41","exclude-v1"
"2","铅笔线稿图\头像\雪灰破碎感少女2.png","雪灰破碎感少女2",".png","1254","1254","1","square","2.76","Seasonal Stations / 季节候车室","winter;atelier","41","exclude-v1"
"artwork-74770ec9b8","传统瓷器美学\瑕疵\白瓷凝脂·纯净初晨.png","白瓷凝脂·纯净初晨",".png","941","1672","0.56","portrait","1.93","Future: Porcelain Silence / 瓷白静物","review","40","exclude-v1"
"2","传统瓷器美学\瑕疵\珐琅瑰宝·瑰丽少女2.png","珐琅瑰宝·瑰丽少女2",".png","941","1672","0.56","portrait","2.21","Future: Porcelain Silence / 瓷白静物","review","40","exclude-v1"
"0","传统瓷器美学\瑕疵\粉彩庭院·和煦午后0.png","粉彩庭院·和煦午后0",".png","941","1672","0.56","portrait","2.17","Future: Porcelain Silence / 瓷白静物","soft-pink","40","exclude-v1"
"artwork-fe7a7a52b1","传统瓷器美学\瑕疵\青花古董院·慵懒少女.png","青花古董院·慵懒少女",".png","941","1672","0.56","portrait","2.14","Future: Porcelain Silence / 瓷白静物","review","40","exclude-v1"
"1","传统瓷器美学\瑕疵\釉下五彩·静谧时光1.png","釉下五彩·静谧时光1",".png","941","1672","0.56","portrait","2.27","Future: Porcelain Silence / 瓷白静物","review","40","exclude-v1"
"0","手机壁纸\晨雾花园0(瑕疵).png","晨雾花园0(瑕疵)",".png","941","1672","0.56","portrait","2.02","Needs Review / 待人工判断","review","40","exclude-v1"
"0","头像\暗夜红玫瑰氛围0.png","暗夜红玫瑰氛围0",".png","1254","1254","1","square","1.76","Needs Review / 待人工判断","night;muted-red","38","exclude-v1"
"1","头像\暗夜红玫瑰氛围1.png","暗夜红玫瑰氛围1",".png","1254","1254","1","square","1.72","Needs Review / 待人工判断","night;muted-red","38","exclude-v1"
"4k","眼睛特写图\横板\冰海星瞳(4K).png","冰海星瞳(4K)",".png","3840","2160","1.78","landscape","9.98","Needs Review / 待人工判断","review","38","exclude-v1"
"artwork-afcb4e2309","眼睛特写图\横板\冰火异瞳版.png","冰火异瞳版",".png","1672","941","1.78","landscape","2.22","Needs Review / 待人工判断","review","38","exclude-v1"
"0","头像\草莓奶油0.png","草莓奶油0",".png","1254","1254","1","square","2.09","Needs Review / 待人工判断","review","38","exclude-v1"
"0","头像\晨起白床单慵懒0.png","晨起白床单慵懒0",".png","1254","1254","1","square","1.78","Needs Review / 待人工判断","review","38","exclude-v1"
"1","头像\海风白衬衫1.png","海风白衬衫1",".png","1254","1254","1","square","1.79","Needs Review / 待人工判断","review","38","exclude-v1"
"0","头像\黄昏海边风0.png","黄昏海边风0",".png","1254","1254","1","square","1.83","Needs Review / 待人工判断","dusk;amber","38","exclude-v1"
"1","头像\黄昏海边风1.png","黄昏海边风1",".png","1254","1254","1","square","2.03","Needs Review / 待人工判断","dusk;amber","38","exclude-v1"
"artwork-fc2c594b6c","头像\黄昏海风感.png","黄昏海风感",".png","1254","1254","1","square","2.04","Needs Review / 待人工判断","dusk;amber","38","exclude-v1"
"artwork-db9b3345cb","眼睛特写图\横板\金绿异瞳版.png","金绿异瞳版",".png","1672","941","1.78","landscape","2.03","Needs Review / 待人工判断","soft-green","38","exclude-v1"
"4k","眼睛特写图\横板\堇夜星梦(4K).png","堇夜星梦(4K)",".png","3840","2160","1.78","landscape","9.35","Needs Review / 待人工判断","night","38","exclude-v1"
"artwork-ef59959f0f","头像\旧电影放映厅.png","旧电影放映厅",".png","1254","1254","1","square","2.05","Needs Review / 待人工判断","review","38","exclude-v1"
"1","头像\蜜桃汽水1.png","蜜桃汽水1",".png","1254","1254","1","square","2.15","Needs Review / 待人工判断","review","38","exclude-v1"
"1","头像\软萌猫系甜欲1.png","软萌猫系甜欲1",".png","1254","1254","1","square","1.96","Needs Review / 待人工判断","review","38","exclude-v1"
"artwork-877ea07582","眼睛特写图\横板\深海琉璃系.png","深海琉璃系",".png","1672","941","1.78","landscape","2.26","Needs Review / 待人工判断","review","38","exclude-v1"
"4k","眼睛特写图\横板\深海琉璃眼(4K).png","深海琉璃眼(4K)",".png","3840","2160","1.78","landscape","12.29","Needs Review / 待人工判断","review","38","exclude-v1"
"1","眼睛特写图\横板\深海琉璃眼1.png","深海琉璃眼1",".png","1672","941","1.78","landscape","2.18","Needs Review / 待人工判断","review","38","exclude-v1"
"2","眼睛特写图\横板\深海琉璃眼2.png","深海琉璃眼2",".png","1672","941","1.78","landscape","2.4","Needs Review / 待人工判断","review","38","exclude-v1"
"2","头像\甜妹夜景2.png","甜妹夜景2",".png","1254","1254","1","square","1.98","Needs Review / 待人工判断","night","38","exclude-v1"
"1","头像\香草冰淇淋1.png","香草冰淇淋1",".png","1254","1254","1","square","1.73","Needs Review / 待人工判断","review","38","exclude-v1"
"artwork-e41f1e3a72","头像\夜空星光梦幻.png","夜空星光梦幻",".png","1254","1254","1","square","2.21","Needs Review / 待人工判断","night","38","exclude-v1"
"0","头像\夜色丝绒沙发0.png","夜色丝绒沙发0",".png","1254","1254","1","square","1.68","Needs Review / 待人工判断","night","38","exclude-v1"
"artwork-f347f58a71","头像\樱花春日感.png","樱花春日感",".png","1254","1254","1","square","1.89","Needs Review / 待人工判断","spring","38","exclude-v1"
"1","头像\樱花牛奶1.png","樱花牛奶1",".png","1254","1254","1","square","1.95","Needs Review / 待人工判断","review","38","exclude-v1"
"artwork-ec1c389442","头像\樱花树下轻笑.png","樱花树下轻笑",".png","1254","1254","1","square","2.44","Needs Review / 待人工判断","review","38","exclude-v1"
"artwork-8e18ac3109","眼睛特写图\横板\月海异瞳版.png","月海异瞳版",".png","1672","941","1.78","landscape","2.13","Needs Review / 待人工判断","review","38","exclude-v1"
"image-3-1","眼睛特写图\横板\Image 3 (1).png","Image 3 (1)",".png","3840","2160","1.78","landscape","9.82","Needs Review / 待人工判断","review","30","exclude-v1"
