slug,originalSlug,sourcePath,titleZh,exhibition,width,height,ratio,priorityScore,suggestedExhibition,inferredTags
morning-room-tidying-girl,morning-room-tidying-girl,E:\美图\晨间整理房间的少女.png,晨间整理房间的少女,blue-rooms,941,1672,0.56,96,Blue Rooms / 蓝调房间,room
quiet-girl-reading-letter-by-window,quiet-girl-reading-letter-by-window,E:\美图\窗边看信的安静少女.png,窗边看信的安静少女,blue-rooms,941,1672,0.56,96,Blue Rooms / 蓝调房间,review
green-apple-kitchen-spring-afternoon,green-apple-kitchen-spring-afternoon,E:\美图\青苹果厨房·春日午后.png,青苹果厨房·春日午后,blue-rooms,941,1672,0.56,96,Blue Rooms / 蓝调房间,spring;kitchen
morning-kitchen-sweet-daily,morning-kitchen-sweet-daily,E:\美图\清晨厨房·生活感甜系.png,清晨厨房·生活感甜系,blue-rooms,941,1672,0.56,96,Blue Rooms / 蓝调房间,morning;kitchen
morning-window-reading-room-0,morning-window-reading-room-0,E:\美图\清晨窗边阅读房间0.png,清晨窗边阅读房间0,blue-rooms,941,1672,0.56,96,Blue Rooms / 蓝调房间,morning;room
morning-window-reading-room-1,morning-window-reading-room-1,E:\美图\清晨窗边阅读房间1.png,清晨窗边阅读房间1,blue-rooms,941,1672,0.56,96,Blue Rooms / 蓝调房间,morning;room
afternoon-baking-kitchen,afternoon-baking-kitchen,E:\美图\午后烘焙小厨房.png,午后烘焙小厨房,blue-rooms,941,1672,0.56,96,Blue Rooms / 蓝调房间,kitchen
summer-balcony-work-corner,summer-balcony-work-corner,E:\美图\夏日阳台工作角.png,夏日阳台工作角,blue-rooms,941,1672,0.56,96,Blue Rooms / 蓝调房间,review
moonlight-gauze-dress-1,moonlight-gauze-dress-1,E:\美图\月光纱裙1.png,月光纱裙1,blue-rooms,941,1672,0.56,96,Blue Rooms / 蓝调房间,night
vintage-film-flower-shop-girl,vintage-film-flower-shop-girl,E:\美图\复古胶片·花店少女.png,复古胶片·花店少女,glasshouse-dreams,941,1672,0.56,96,Glasshouse Dreams / 玻璃温室梦,review
red-maple-night-rain-girl,red-maple-night-rain-girl,E:\美图\红枫夜雨少女.png,红枫夜雨少女,rain-archive,941,1672,0.56,96,Rain Archive / 雨的档案,rainy;night;muted-red
morning-misty-bedroom,morning-misty-bedroom,E:\美图\清晨薄雾卧室.png,清晨薄雾卧室,rain-archive,941,1672,0.56,96,Rain Archive / 雨的档案,morning;room
winter-white-window-silver-hair,winter-white-window-silver-hair,E:\美图\冬日白窗与银发少女.png,冬日白窗与银发少女,seasonal-stations,941,1672,0.56,96,Seasonal Stations / 季节候车室,winter
snow-night-rooftop-white-hair,snow-night-rooftop-white-hair,E:\美图\雪夜天台·白发少女.png,雪夜天台·白发少女,seasonal-stations,940,1672,0.56,96,Seasonal Stations / 季节候车室,winter;night
gpt-image-2-medium-b-9-16,gpt-image-2-medium-b-9-16,E:\美图\蓝墨彼岸花少女.png,gpt-image-2 (medium)_b_原创动漫少女插画，9_16竖版，圆珠笔绘,atelier-hours,941,1672,0.56,88,Atelier Hours / 画室时刻,atelier
gpt-image-2-medium-b-9-16-2,gpt-image-2-medium-b-9-16,E:\美图\深海水母梦少女.png,gpt-image-2 (medium)_b_原创动漫少女圆珠笔风格插画，9_16竖版,atelier-hours,941,1672,0.56,88,Atelier Hours / 画室时刻,atelier
gpt-image-2-medium-b,gpt-image-2-medium-b,E:\美图\星空长椅银发少女.png,gpt-image-2 (medium)_b_友利奈绪，银发蓝瞳少女，穿红色学院制服，,blue-rooms,941,1672,0.56,88,Blue Rooms / 蓝调房间,mist-blue;muted-red
pale-orange-evening-mist-chestnut-girl,pale-orange-evening-mist-chestnut-girl,E:\美图\淡橙夕雾·栗色少女.png,淡橙夕雾·栗色少女,holding-room,941,1672,0.56,88,Needs Review / 待人工判断,dusk;amber
abandoned-classroom-evening-light,abandoned-classroom-evening-light,E:\美图\废弃教室·夕光少女.png,废弃教室·夕光少女,holding-room,940,1672,0.56,88,Needs Review / 待人工判断,dusk
amber-morning-blonde-girl,amber-morning-blonde-girl,E:\美图\琥珀晨光·金发少女.png,琥珀晨光·金发少女,holding-room,941,1672,0.56,88,Needs Review / 待人工判断,morning;amber
1,1,E:\美图\虾米1.png,虾米1,holding-room,941,1672,0.56,88,Needs Review / 待人工判断,review
chatgpt-image-2026-5-10-14-40-28,chatgpt-image-2026-5-10-14-40-28,E:\美图\薄荷温室回眸少女.png,ChatGPT Image 2026年5月10日 14_40_28,holding-room,941,1672,0.56,80,Needs Review / 待人工判断,review
chatgpt-image-2026-5-10-14-46-48,chatgpt-image-2026-5-10-14-46-48,E:\美图\月海黑发耳饰少女.png,ChatGPT Image 2026年5月10日 14_46_48,holding-room,941,1672,0.56,80,Needs Review / 待人工判断,review
chatgpt-image-2026-5-10-15-56-52,chatgpt-image-2026-5-10-15-56-52,E:\美图\废墟窗边的疲惫旅人.png,ChatGPT Image 2026年5月10日 15_56_52,holding-room,941,1672,0.56,80,Needs Review / 待人工判断,review
chatgpt-image-2026-5-12-01-52-12,chatgpt-image-2026-5-12-01-52-12,E:\美图\星蓝水晶裙少女.png,ChatGPT Image 2026年5月12日 01_52_12,holding-room,941,1672,0.56,80,Needs Review / 待人工判断,review
chatgpt-image-2026-5-12-01-53-56,chatgpt-image-2026-5-12-01-53-56,E:\美图\雪晶球与白发少女.png,ChatGPT Image 2026年5月12日 01_53_56,holding-room,941,1672,0.56,80,Needs Review / 待人工判断,review
chatgpt-image-2026-5-13-00-08-14,chatgpt-image-2026-5-13-00-08-14,E:\美图\暖尘旧屋里的沉默少女.png,ChatGPT Image 2026年5月13日 00_08_14,holding-room,941,1672,0.56,80,Needs Review / 待人工判断,review
chatgpt-image-2026-5-5-23-53-24,chatgpt-image-2026-5-5-23-53-24,E:\美图\夏日阳台白裙少女.png,ChatGPT Image 2026年5月5日 23_53_24,holding-room,941,1672,0.56,80,Needs Review / 待人工判断,review
gpt-image-2-medium-b-2,gpt-image-2-medium-b,E:\美图\旧屋晨尘蜷坐少女.png,gpt-image-2 (medium)_b_原创高级日系二次元半写实插画，竖屏全身构,holding-room,941,1672,0.56,80,Needs Review / 待人工判断,review
gpt-image-2-medium-b-9-16-3,gpt-image-2-medium-b-9-16,E:\美图\黑白构成平衡.png,gpt-image-2 (medium)_b_原创高级现代构成海报，竖版_9_16，浅,holding-room,941,1672,0.56,80,Needs Review / 待人工判断,review
gpt-image-2-medium-b-9-16-4,gpt-image-2-medium-b-9-16,E:\美图\清晨洗衣房少女.png,gpt-image-2 (medium)_b_原创日系治愈系动漫插画，9_16竖版，高,holding-room,941,1672,0.56,80,Needs Review / 待人工判断,review
image-2,image-2,E:\美图\紫夜星牌少女.png,Image 2,holding-room,2160,3840,0.56,80,Needs Review / 待人工判断,review
artwork-18cfb65dc9,artwork-18cfb65dc9,E:\美图\手绘涂鸦风\4K\白金色利落短发少女.png,白金色利落短发少女,atelier-hours,2160,3840,0.56,78,Atelier Hours / 画室时刻,review
artwork-2d46463fc5,artwork-2d46463fc5,E:\美图\手绘涂鸦风\薄荷绿短发.png,薄荷绿短发,atelier-hours,941,1672,0.56,78,Atelier Hours / 画室时刻,soft-green
artwork-17a54614b2,artwork-17a54614b2,E:\美图\手绘涂鸦风\4K\赤茶色麻花辫少女.png,赤茶色麻花辫少女,atelier-hours,2160,3840,0.56,78,Atelier Hours / 画室时刻,review
artwork-bca5b0e201,artwork-bca5b0e201,E:\美图\手绘涂鸦风\4K\淡紫色短卷发少女.png,淡紫色短卷发少女,atelier-hours,2160,3840,0.56,78,Atelier Hours / 画室时刻,review
artwork-4a826dd643,artwork-4a826dd643,E:\美图\手绘涂鸦风\粉色丸子头.png,粉色丸子头,atelier-hours,941,1672,0.56,78,Atelier Hours / 画室时刻,soft-pink
artwork-bac3c2d73c,artwork-bac3c2d73c,E:\美图\手绘涂鸦风\黑紫色高马尾.png,黑紫色高马尾,atelier-hours,941,1672,0.56,78,Atelier Hours / 画室时刻,review
artwork-c0446b382e,artwork-c0446b382e,E:\美图\手绘涂鸦风\4K\灰白色波波头少女.png,灰白色波波头少女,atelier-hours,2160,3840,0.56,78,Atelier Hours / 画室时刻,review
0,0,E:\美图\手绘涂鸦风\酒红色双马尾0.png,酒红色双马尾0,atelier-hours,941,1672,0.56,78,Atelier Hours / 画室时刻,muted-red
1-2,1,E:\美图\手绘涂鸦风\酒红色双马尾1.png,酒红色双马尾1,atelier-hours,941,1672,0.56,78,Atelier Hours / 画室时刻,muted-red
artwork-53c662d565,artwork-53c662d565,E:\美图\手绘涂鸦风\橘色短发波波头.png,橘色短发波波头,atelier-hours,941,1672,0.56,78,Atelier Hours / 画室时刻,review
artwork-9b6024e056,artwork-9b6024e056,E:\美图\手绘涂鸦风\蓝色长辫子头.png,蓝色长辫子头,atelier-hours,941,1672,0.56,78,Atelier Hours / 画室时刻,mist-blue
artwork-c22c035e0e,artwork-c22c035e0e,E:\美图\手绘涂鸦风\4K\莓果紫长卷发少女.png,莓果紫长卷发少女,atelier-hours,2160,3840,0.56,78,Atelier Hours / 画室时刻,review
artwork-8c7fd3b3b7,artwork-8c7fd3b3b7,E:\美图\手绘涂鸦风\4K\蜜桃粉双马尾少女.png,蜜桃粉双马尾少女,atelier-hours,2160,3840,0.56,78,Atelier Hours / 画室时刻,soft-pink
artwork-3fc4bf1840,artwork-3fc4bf1840,E:\美图\手绘涂鸦风\4K\墨绿色微卷短发少女.png,墨绿色微卷短发少女,atelier-hours,2160,3840,0.56,78,Atelier Hours / 画室时刻,soft-green
artwork-e3bb202e2c,artwork-e3bb202e2c,E:\美图\手绘涂鸦风\霓虹都市的冷静夜晚.png,霓虹都市的冷静夜晚,atelier-hours,941,1672,0.56,78,Atelier Hours / 画室时刻,night
artwork-3085402bc0,artwork-3085402bc0,E:\美图\手绘涂鸦风\霓虹之下的静谧时刻.png,霓虹之下的静谧时刻,atelier-hours,941,1672,0.56,78,Atelier Hours / 画室时刻,review
artwork-8ddfd7aa2d,artwork-8ddfd7aa2d,E:\美图\手绘涂鸦风\4K\浅紫色双丸子头少女.png,浅紫色双丸子头少女,atelier-hours,2160,3840,0.56,78,Atelier Hours / 画室时刻,review
artwork-652c7a9db4,artwork-652c7a9db4,E:\美图\手绘涂鸦风\夜街角与猫的深思.png,夜街角与猫的深思,atelier-hours,941,1672,0.56,78,Atelier Hours / 画室时刻,night
artwork-1cbcb5a58b,artwork-1cbcb5a58b,E:\美图\手绘涂鸦风\夜幕下的书店少女.png,夜幕下的书店少女,atelier-hours,941,1672,0.56,78,Atelier Hours / 画室时刻,night
artwork-5471cf9e5e,artwork-5471cf9e5e,E:\美图\手绘涂鸦风\4K\银白公主切长发少女.png,银白公主切长发少女,atelier-hours,2160,3840,0.56,78,Atelier Hours / 画室时刻,review
artwork-242ac51fb6,artwork-242ac51fb6,E:\美图\手绘涂鸦风\银灰色短发.png,银灰色短发,atelier-hours,941,1672,0.56,78,Atelier Hours / 画室时刻,review
artwork-31d7f2ff7a,artwork-31d7f2ff7a,E:\美图\手绘涂鸦风\4K\银灰色姬发式短发少女.png,银灰色姬发式短发少女,atelier-hours,2160,3840,0.56,78,Atelier Hours / 画室时刻,review
artwork-bd2d286453,artwork-bd2d286453,E:\美图\手绘涂鸦风\银蓝色齐刘海长发.png,银蓝色齐刘海长发,atelier-hours,941,1672,0.56,78,Atelier Hours / 画室时刻,mist-blue
artwork-b7b86a78ee,artwork-b7b86a78ee,E:\美图\手绘涂鸦风\月光下的书店街角.png,月光下的书店街角,atelier-hours,941,1672,0.56,78,Atelier Hours / 画室时刻,night
artwork-0dac2ffe13,artwork-0dac2ffe13,E:\美图\手绘涂鸦风\月影書房的夜晚夢境.png,月影書房的夜晚夢境,atelier-hours,941,1672,0.56,78,Atelier Hours / 画室时刻,night
artwork-3890ed7c1b,artwork-3890ed7c1b,E:\美图\手绘涂鸦风\紫色丸子头.png,紫色丸子头,atelier-hours,941,1672,0.56,78,Atelier Hours / 画室时刻,review
artwork-bf16bb46d5,artwork-bf16bb46d5,E:\美图\简约壁纸图\薄荷色天台·夏日云影.png,薄荷色天台·夏日云影,blue-rooms,941,1672,0.56,78,Blue Rooms / 蓝调房间,review
artwork-bbf5413868,artwork-bbf5413868,E:\美图\简约壁纸图\菜市场花摊·春日生活感.png,菜市场花摊·春日生活感,blue-rooms,941,1672,0.56,78,Blue Rooms / 蓝调房间,spring
artwork-0e87f1a32a,artwork-0e87f1a32a,E:\美图\简约壁纸图\窗边晨光少女.png,窗边晨光少女,blue-rooms,941,1672,0.56,78,Blue Rooms / 蓝调房间,morning
artwork-778a3d6a21,artwork-778a3d6a21,E:\美图\简约壁纸图\窗边与清晨微光.png,窗边与清晨微光,blue-rooms,941,1672,0.56,78,Blue Rooms / 蓝调房间,morning
artwork-46e2dcf270,artwork-46e2dcf270,E:\美图\简约壁纸图\绿荫公交站·午后蝉鸣.png,绿荫公交站·午后蝉鸣,blue-rooms,941,1672,0.56,78,Blue Rooms / 蓝调房间,soft-green
artwork-8c3a1c11ba,artwork-8c3a1c11ba,E:\美图\简约壁纸图\木桥尽头的风铃小屋.png,木桥尽头的风铃小屋,blue-rooms,941,1672,0.56,78,Blue Rooms / 蓝调房间,review
artwork-1dc4b291e3,artwork-1dc4b291e3,E:\美图\简约壁纸图\青绿色窗帘·午睡少女.png,青绿色窗帘·午睡少女,blue-rooms,941,1672,0.56,78,Blue Rooms / 蓝调房间,soft-green
artwork-8fb85f3fc5,artwork-8fb85f3fc5,E:\美图\简约壁纸图\青柠泳池·夏日午后.png,青柠泳池·夏日午后,blue-rooms,941,1672,0.56,78,Blue Rooms / 蓝调房间,review
artwork-9d331710f4,artwork-9d331710f4,E:\美图\站立\山间清晨的少女.png,山间清晨的少女,blue-rooms,2160,3840,0.56,78,Blue Rooms / 蓝调房间,morning
0-2,0,E:\美图\眼镜镜片反射\水族馆幽蓝反射版0.png,水族馆幽蓝反射版0,blue-rooms,941,1672,0.56,78,Blue Rooms / 蓝调房间,mist-blue
artwork-5917c9ea60,artwork-5917c9ea60,E:\美图\简约壁纸图\天空阶梯.png,天空阶梯,blue-rooms,941,1672,0.56,78,Blue Rooms / 蓝调房间,review
artwork-82e4fa2855,artwork-82e4fa2855,E:\美图\站立\天台晚风中的少女.png,天台晚风中的少女,blue-rooms,2160,3840,0.56,78,Blue Rooms / 蓝调房间,review
artwork-2035be5ecc,artwork-2035be5ecc,E:\美图\简约壁纸图\阳台晾晒白床单的午后.png,阳台晾晒白床单的午后,blue-rooms,941,1672,0.56,78,Blue Rooms / 蓝调房间,review
artwork-235ba36d2f,artwork-235ba36d2f,E:\美图\幻想图\白发红瞳少女.png,白发红瞳少女,distant-fables,941,1672,0.56,78,Distant Fables / 远方寓言,muted-red;fantasy
artwork-0debdfc4ff,artwork-0debdfc4ff,E:\美图\简约壁纸图\海边黄昏与提灯少女.png,海边黄昏与提灯少女,distant-fables,941,1672,0.56,78,Distant Fables / 远方寓言,dusk;amber
artwork-7da745db02,artwork-7da745db02,E:\美图\幻想图\黑发祭司少女.png,黑发祭司少女,distant-fables,941,1672,0.56,78,Distant Fables / 远方寓言,fantasy
artwork-2a77b70170,artwork-2a77b70170,E:\美图\简约壁纸图\夜空鲸影.png,夜空鲸影,distant-fables,941,1672,0.56,78,Distant Fables / 远方寓言,night;fantasy
artwork-369dfe70da,artwork-369dfe70da,E:\美图\简约壁纸图\奶油色花店门前的少女.png,奶油色花店门前的少女,glasshouse-dreams,941,1672,0.56,78,Glasshouse Dreams / 玻璃温室梦,review
artwork-3fc820ed0e,artwork-3fc820ed0e,E:\美图\街道撑伞\粉发雨后街道.png,粉发雨后街道,rain-archive,941,1672,0.56,78,Rain Archive / 雨的档案,rainy;soft-pink
0-3,0,E:\美图\街道撑伞\金0.png,金0,rain-archive,941,1672,0.56,78,Rain Archive / 雨的档案,review
1-3,1,E:\美图\街道撑伞\金1.png,金1,rain-archive,941,1672,0.56,78,Rain Archive / 雨的档案,review
artwork-39a8a2b2cb,artwork-39a8a2b2cb,E:\美图\街道撑伞\绿发雨后街道.png,绿发雨后街道,rain-archive,941,1672,0.56,78,Rain Archive / 雨的档案,rainy;soft-green
artwork-b50cd1915d,artwork-b50cd1915d,E:\美图\简约壁纸图\透明伞与单色雨线.png,透明伞与单色雨线,rain-archive,941,1672,0.56,78,Rain Archive / 雨的档案,rainy
artwork-98ac01011e,artwork-98ac01011e,E:\美图\街道撑伞\银发撑伞.png,银发撑伞,rain-archive,2160,3840,0.56,78,Rain Archive / 雨的档案,review
artwork-7e5ad0e951,artwork-7e5ad0e951,E:\美图\街道撑伞\银发浅蓝.png,银发浅蓝,rain-archive,941,1672,0.56,78,Rain Archive / 雨的档案,mist-blue
0-4,0,E:\美图\眼镜镜片反射\雨后彩虹街角版0.png,雨后彩虹街角版0,rain-archive,941,1672,0.56,78,Rain Archive / 雨的档案,rainy
1-4,1,E:\美图\眼镜镜片反射\雨后彩虹街角版1.png,雨后彩虹街角版1,rain-archive,941,1672,0.56,78,Rain Archive / 雨的档案,rainy
artwork-244b2434b2,artwork-244b2434b2,E:\美图\忧郁孤独\雨后窗边沉思.png,雨后窗边沉思,rain-archive,941,1672,0.56,78,Rain Archive / 雨的档案,rainy
artwork-b569729e0e,artwork-b569729e0e,E:\美图\简约壁纸图\雨后石阶与小黄伞.png,雨后石阶与小黄伞,rain-archive,941,1672,0.56,78,Rain Archive / 雨的档案,rainy
artwork-27fdc6e6ca,artwork-27fdc6e6ca,E:\美图\手绘涂鸦风\雨夜巴士站的思绪.png,雨夜巴士站的思绪,rain-archive,941,1672,0.56,78,Rain Archive / 雨的档案,rainy;night
artwork-6266822706,artwork-6266822706,E:\美图\手绘涂鸦风\雨夜告别与无人区.png,雨夜告别与无人区,rain-archive,941,1672,0.56,78,Rain Archive / 雨的档案,rainy;night
artwork-d9fbe87f22,artwork-d9fbe87f22,E:\美图\手绘涂鸦风\雨夜街头的温柔时光.png,雨夜街头的温柔时光,rain-archive,941,1672,0.56,78,Rain Archive / 雨的档案,rainy;night
artwork-0edf24688b,artwork-0edf24688b,E:\美图\眼镜镜片反射\雨夜霓虹反射版.png,雨夜霓虹反射版,rain-archive,941,1672,0.56,78,Rain Archive / 雨的档案,rainy;night
artwork-f499e52e01,artwork-f499e52e01,E:\美图\手绘涂鸦风\雨夜站牌上的孤独旅程.png,雨夜站牌上的孤独旅程,rain-archive,941,1672,0.56,78,Rain Archive / 雨的档案,rainy;night
artwork-33e4fcfa04,artwork-33e4fcfa04,E:\美图\简约壁纸图\冬日女孩.png,冬日女孩,seasonal-stations,941,1672,0.56,78,Seasonal Stations / 季节候车室,winter
artwork-d5b805c7fb,artwork-d5b805c7fb,E:\美图\站立\旧车站前的少女.png,旧车站前的少女,seasonal-stations,2160,3840,0.56,78,Seasonal Stations / 季节候车室,station
artwork-d93b2d3dad,artwork-d93b2d3dad,E:\美图\简约壁纸图\雪原尽头的列车站.png,雪原尽头的列车站,seasonal-stations,941,1672,0.56,78,Seasonal Stations / 季节候车室,winter;station
artwork-c4351b3629,artwork-c4351b3629,E:\美图\圆珠笔质感风格图\彼岸花流光.png,彼岸花流光,atelier-hours,941,1672,0.56,73,Atelier Hours / 画室时刻,atelier
0-5,0,E:\美图\铅笔线稿图\潮汐耳语少女0.png,潮汐耳语少女0,atelier-hours,941,1672,0.56,73,Atelier Hours / 画室时刻,atelier
artwork-28fcee205b,artwork-28fcee205b,E:\美图\铅笔线稿图\磁带噪音与落日重奏.png,磁带噪音与落日重奏,atelier-hours,941,1672,0.56,73,Atelier Hours / 画室时刻,atelier
artwork-cda1abb468,artwork-cda1abb468,E:\美图\圆珠笔质感风格图\耳机与赛博微光.png,耳机与赛博微光,atelier-hours,941,1672,0.56,73,Atelier Hours / 画室时刻,atelier;fantasy
artwork-e8e044a150,artwork-e8e044a150,E:\美图\铅笔线稿图\阁楼投影仪 · 朦胧梦片感.png,阁楼投影仪 · 朦胧梦片感,atelier-hours,941,1672,0.56,73,Atelier Hours / 画室时刻,room;atelier
artwork-a7251ba534,artwork-a7251ba534,E:\美图\铅笔线稿图\黄昏电车末班 · 漂浮记忆感.png,黄昏电车末班 · 漂浮记忆感,atelier-hours,941,1672,0.56,73,Atelier Hours / 画室时刻,dusk;amber;atelier
0-6,0,E:\美图\铅笔线稿图\极昼冰铃少女0.png,极昼冰铃少女0,atelier-hours,941,1672,0.56,73,Atelier Hours / 画室时刻,atelier
artwork-cf55e5243f,artwork-cf55e5243f,E:\美图\铅笔线稿图\旧唱片店角落 · 暖棕复古感.png,旧唱片店角落 · 暖棕复古感,atelier-hours,941,1672,0.56,73,Atelier Hours / 画室时刻,amber;atelier
1-5,1,E:\美图\铅笔线稿图\旧梦唱片感1.png,旧梦唱片感1,atelier-hours,941,1672,0.56,73,Atelier Hours / 画室时刻,atelier
2,2,E:\美图\铅笔线稿图\旧梦唱片感2.png,旧梦唱片感2,atelier-hours,941,1672,0.56,73,Atelier Hours / 画室时刻,atelier
3,3,E:\美图\铅笔线稿图\旧梦唱片感3.png,旧梦唱片感3,atelier-hours,941,1672,0.56,73,Atelier Hours / 画室时刻,atelier
4,4,E:\美图\铅笔线稿图\旧梦唱片感4.png,旧梦唱片感4,atelier-hours,941,1672,0.56,73,Atelier Hours / 画室时刻,atelier
artwork-110050c301,artwork-110050c301,E:\美图\铅笔线稿图\清晨天台 · 风与留白感.png,清晨天台 · 风与留白感,atelier-hours,941,1672,0.56,73,Atelier Hours / 画室时刻,morning;atelier
0-7,0,E:\美图\铅笔线稿图\森林菌光感0.png,森林菌光感0,atelier-hours,941,1672,0.56,73,Atelier Hours / 画室时刻,atelier
artwork-c9b9d7237c,artwork-c9b9d7237c,E:\美图\圆珠笔质感风格图\少女与发光蝴蝶.png,少女与发光蝴蝶,atelier-hours,941,1672,0.56,73,Atelier Hours / 画室时刻,atelier
artwork-4f35d68f98,artwork-4f35d68f98,E:\美图\圆珠笔质感风格图\少女与发光纸鹤.png,少女与发光纸鹤,atelier-hours,941,1672,0.56,73,Atelier Hours / 画室时刻,atelier
artwork-a261a97f50,artwork-a261a97f50,E:\美图\圆珠笔质感风格图\少女与萤火星群.png,少女与萤火星群,atelier-hours,941,1672,0.56,73,Atelier Hours / 画室时刻,atelier
artwork-18b71f559a,artwork-18b71f559a,E:\美图\圆珠笔质感风格图\深海鲸影.png,深海鲸影,atelier-hours,941,1672,0.56,73,Atelier Hours / 画室时刻,atelier;fantasy
0-8,0,E:\美图\铅笔线稿图\深海水母耳机少女0.png,深海水母耳机少女0,atelier-hours,941,1672,0.56,73,Atelier Hours / 画室时刻,atelier
0-9,0,E:\美图\铅笔线稿图\深海微光感0.png,深海微光感0,atelier-hours,941,1672,0.56,73,Atelier Hours / 画室时刻,atelier
1-6,1,E:\美图\铅笔线稿图\深海微光感1.png,深海微光感1,atelier-hours,941,1672,0.56,73,Atelier Hours / 画室时刻,atelier
artwork-51d6e539a3,artwork-51d6e539a3,E:\美图\圆珠笔质感风格图\透明伞与暖光.png,透明伞与暖光,atelier-hours,941,1672,0.56,73,Atelier Hours / 画室时刻,amber;atelier
artwork-b0a84b2e9b,artwork-b0a84b2e9b,E:\美图\铅笔线稿图\雾沼采光者.png,雾沼采光者,atelier-hours,941,1672,0.56,73,Atelier Hours / 画室时刻,atelier
0-10,0,E:\美图\铅笔线稿图\星尘纸鹤少女0.png,星尘纸鹤少女0,atelier-hours,941,1672,0.56,73,Atelier Hours / 画室时刻,atelier
1-7,1,E:\美图\铅笔线稿图\星尘纸鹤少女1.png,星尘纸鹤少女1,atelier-hours,941,1672,0.56,73,Atelier Hours / 画室时刻,atelier
artwork-c42bea2005,artwork-c42bea2005,E:\美图\圆珠笔质感风格图\星光蝴蝶.png,星光蝴蝶,atelier-hours,941,1672,0.56,73,Atelier Hours / 画室时刻,atelier
0-11,0,E:\美图\铅笔线稿图\星图缝线少女0.png,星图缝线少女0,atelier-hours,941,1672,0.56,73,Atelier Hours / 画室时刻,atelier
1-8,1,E:\美图\铅笔线稿图\星图缝线少女1.png,星图缝线少女1,atelier-hours,941,1672,0.56,73,Atelier Hours / 画室时刻,atelier
1-9,1,E:\美图\铅笔线稿图\月海水母少女1.png,月海水母少女1,atelier-hours,941,1672,0.56,73,Atelier Hours / 画室时刻,atelier
artwork-2e43844aa5,artwork-2e43844aa5,E:\美图\铅笔线稿图\月下石洞与微光苔群.png,月下石洞与微光苔群,atelier-hours,941,1672,0.56,73,Atelier Hours / 画室时刻,atelier
artwork-08d18cc461,artwork-08d18cc461,E:\美图\圆珠笔质感风格图\月相与星尘.png,月相与星尘,atelier-hours,941,1672,0.56,73,Atelier Hours / 画室时刻,atelier
artwork-69b1eba9a4,artwork-69b1eba9a4,E:\美图\圆珠笔质感风格图\长发少女与花朵能量场.png,长发少女与花朵能量场,atelier-hours,941,1672,0.56,73,Atelier Hours / 画室时刻,atelier
artwork-889ef50a6f,artwork-889ef50a6f,E:\美图\手机壁纸\粉发教室窗边.png,粉发教室窗边,blue-rooms,941,1672,0.56,73,Blue Rooms / 蓝调房间,soft-pink
3-2,3,E:\美图\手机壁纸\蓝3.png,蓝3,blue-rooms,941,1672,0.56,73,Blue Rooms / 蓝调房间,mist-blue
4-2,4,E:\美图\手机壁纸\蓝4.png,蓝4,blue-rooms,941,1672,0.56,73,Blue Rooms / 蓝调房间,mist-blue
artwork-2a5e3b97b8,artwork-2a5e3b97b8,E:\美图\手机壁纸\蓝发等列车.png,蓝发等列车,blue-rooms,941,1672,0.56,73,Blue Rooms / 蓝调房间,mist-blue;station
artwork-4cd921afea,artwork-4cd921afea,E:\美图\手机壁纸\蓝发电车.png,蓝发电车,blue-rooms,941,1672,0.56,73,Blue Rooms / 蓝调房间,mist-blue
artwork-9dc78a0233,artwork-9dc78a0233,E:\美图\手机壁纸\蓝发街道.png,蓝发街道,blue-rooms,2160,3840,0.56,73,Blue Rooms / 蓝调房间,mist-blue
artwork-fa81b24635,artwork-fa81b24635,E:\美图\手机壁纸\浅蓝短发列车.png,浅蓝短发列车,blue-rooms,941,1672,0.56,73,Blue Rooms / 蓝调房间,mist-blue;station
artwork-5b43f655af,artwork-5b43f655af,E:\美图\手机壁纸\竹林风铃·清晨绿意.png,竹林风铃·清晨绿意,blue-rooms,941,1672,0.56,73,Blue Rooms / 蓝调房间,morning;soft-green
artwork-bdaf095ac8,artwork-bdaf095ac8,E:\美图\手机壁纸\紫发天台.png,紫发天台,blue-rooms,941,1672,0.56,73,Blue Rooms / 蓝调房间,review
artwork-041aa7f1d0,artwork-041aa7f1d0,E:\美图\动漫幻想图\橙粉霓虹·粉发少女.png,橙粉霓虹·粉发少女,distant-fables,940,1672,0.56,73,Distant Fables / 远方寓言,soft-pink;amber;fantasy
artwork-8a4f5a9a40,artwork-8a4f5a9a40,E:\美图\动漫幻想图\地下乐队·蓝紫灯光少女.png,地下乐队·蓝紫灯光少女,distant-fables,940,1672,0.56,73,Distant Fables / 远方寓言,mist-blue;fantasy
artwork-c8da911923,artwork-c8da911923,E:\美图\动漫幻想图\复古水彩风格.png,复古水彩风格,distant-fables,2160,3840,0.56,73,Distant Fables / 远方寓言,fantasy
artwork-04ccbe38c1,artwork-04ccbe38c1,E:\美图\动漫幻想图\古董书店的午后慵懒.png,古董书店的午后慵懒,distant-fables,941,1672,0.56,73,Distant Fables / 远方寓言,fantasy
artwork-f6da261cf8,artwork-f6da261cf8,E:\美图\动漫幻想图\海蓝水母.png,海蓝水母,distant-fables,941,1672,0.56,73,Distant Fables / 远方寓言,mist-blue;fantasy
0-12,0,E:\美图\动漫幻想图\海洋蓝色少女0.png,海洋蓝色少女0,distant-fables,941,1672,0.56,73,Distant Fables / 远方寓言,mist-blue;fantasy
1-10,1,E:\美图\动漫幻想图\海洋蓝色少女1.png,海洋蓝色少女1,distant-fables,941,1672,0.56,73,Distant Fables / 远方寓言,mist-blue;fantasy
artwork-04011f9f4a,artwork-04011f9f4a,E:\美图\动漫幻想图\黑白红·剧院后台.png,黑白红·剧院后台,distant-fables,941,1672,0.56,73,Distant Fables / 远方寓言,muted-red;fantasy
artwork-f8888ff0c1,artwork-f8888ff0c1,E:\美图\动漫幻想图\红蓝霓虹·异瞳少女.png,红蓝霓虹·异瞳少女,distant-fables,941,1672,0.56,73,Distant Fables / 远方寓言,mist-blue;muted-red;fantasy
1-11,1,E:\美图\动漫幻想图\机械星环·未来感少女1.png,机械星环·未来感少女1,distant-fables,941,1672,0.56,73,Distant Fables / 远方寓言,fantasy
3-3,3,E:\美图\动漫幻想图\机械星环·未来感少女3.png,机械星环·未来感少女3,distant-fables,941,1672,0.56,73,Distant Fables / 远方寓言,fantasy
artwork-4c53a1529f,artwork-4c53a1529f,E:\美图\动漫幻想图\极光房间·银发少女.png,极光房间·银发少女,distant-fables,2160,3840,0.56,73,Distant Fables / 远方寓言,room;fantasy
artwork-1c9a1b77dc,artwork-1c9a1b77dc,E:\美图\东方幻想动漫风格图\极简水墨滴.png,极简水墨滴,distant-fables,941,1672,0.56,73,Distant Fables / 远方寓言,fantasy
artwork-6a56d32e09,artwork-6a56d32e09,E:\美图\东方幻想动漫风格图\几何水晶.png,几何水晶,distant-fables,941,1672,0.56,73,Distant Fables / 远方寓言,fantasy
artwork-1cedd7818a,artwork-1cedd7818a,E:\美图\动漫幻想图\蓝蝶钢琴房·慵懒少女.png,蓝蝶钢琴房·慵懒少女,distant-fables,941,1672,0.56,73,Distant Fables / 远方寓言,mist-blue;fantasy
0-13,0,E:\美图\动漫幻想图\蓝蝶钢琴房·慵懒少女0.png,蓝蝶钢琴房·慵懒少女0,distant-fables,941,1672,0.56,73,Distant Fables / 远方寓言,mist-blue;fantasy
3-4,3,E:\美图\动漫幻想图\蓝蝶钢琴房·慵懒少女3.png,蓝蝶钢琴房·慵懒少女3,distant-fables,941,1672,0.56,73,Distant Fables / 远方寓言,mist-blue;fantasy
4-3,4,E:\美图\动漫幻想图\蓝蝶钢琴房·慵懒少女4.png,蓝蝶钢琴房·慵懒少女4,distant-fables,941,1672,0.56,73,Distant Fables / 远方寓言,mist-blue;fantasy
5,5,E:\美图\动漫幻想图\蓝蝶钢琴房·慵懒少女5.png,蓝蝶钢琴房·慵懒少女5,distant-fables,941,1672,0.56,73,Distant Fables / 远方寓言,mist-blue;fantasy
artwork-ba0deb9686,artwork-ba0deb9686,E:\美图\动漫幻想图\蓝色唱片店·复古霓虹少女.png,蓝色唱片店·复古霓虹少女,distant-fables,941,1672,0.56,73,Distant Fables / 远方寓言,mist-blue;fantasy
0-14,0,E:\美图\动漫幻想图\蓝色唱片店·复古霓虹少女0.png,蓝色唱片店·复古霓虹少女0,distant-fables,941,1672,0.56,73,Distant Fables / 远方寓言,mist-blue;fantasy
1-12,1,E:\美图\动漫幻想图\蓝色唱片店·复古霓虹少女1.png,蓝色唱片店·复古霓虹少女1,distant-fables,941,1672,0.56,73,Distant Fables / 远方寓言,mist-blue;fantasy
artwork-f57e8f886a,artwork-f57e8f886a,E:\美图\动漫幻想图\冷黑蓝·未来实验室.png,冷黑蓝·未来实验室,distant-fables,941,1672,0.56,73,Distant Fables / 远方寓言,mist-blue;fantasy
artwork-12063694ca,artwork-12063694ca,E:\美图\动漫幻想图\玫瑰雾光·粉银少女.png,玫瑰雾光·粉银少女,distant-fables,941,1672,0.56,73,Distant Fables / 远方寓言,soft-pink;fantasy
0-15,0,E:\美图\动漫幻想图\霓虹糖果0.png,霓虹糖果0,distant-fables,941,1672,0.56,73,Distant Fables / 远方寓言,fantasy
1-13,1,E:\美图\动漫幻想图\霓虹糖果1.png,霓虹糖果1,distant-fables,941,1672,0.56,73,Distant Fables / 远方寓言,fantasy
2-2,2,E:\美图\动漫幻想图\霓虹糖果2.png,霓虹糖果2,distant-fables,941,1672,0.56,73,Distant Fables / 远方寓言,fantasy
artwork-3db4380cd7,artwork-3db4380cd7,E:\美图\动漫幻想图\青绿色水光·短发少女.png,青绿色水光·短发少女,distant-fables,941,1672,0.56,73,Distant Fables / 远方寓言,soft-green;fantasy
artwork-f669a78b82,artwork-f669a78b82,E:\美图\动漫幻想图\深海人鱼的寂静之歌.png,深海人鱼的寂静之歌,distant-fables,941,1672,0.56,73,Distant Fables / 远方寓言,fantasy
artwork-3126f41655,artwork-3126f41655,E:\美图\东方幻想动漫风格图\时间琥珀.png,时间琥珀,distant-fables,941,1672,0.56,73,Distant Fables / 远方寓言,amber;fantasy
artwork-fa11f4c484,artwork-fa11f4c484,E:\美图\动漫幻想图\水母光影·海蓝少女.png,水母光影·海蓝少女,distant-fables,941,1672,0.56,73,Distant Fables / 远方寓言,mist-blue;fantasy
0-16,0,E:\美图\动漫幻想图\水母光影·海蓝少女0.png,水母光影·海蓝少女0,distant-fables,941,1672,0.56,73,Distant Fables / 远方寓言,mist-blue;fantasy
3-5,3,E:\美图\动漫幻想图\水母光影·海蓝少女3.png,水母光影·海蓝少女3,distant-fables,941,1672,0.56,73,Distant Fables / 远方寓言,mist-blue;fantasy
artwork-7557b7320a,artwork-7557b7320a,E:\美图\东方幻想动漫风格图\太阳之祭司.png,太阳之祭司,distant-fables,941,1672,0.56,73,Distant Fables / 远方寓言,fantasy
artwork-c8d10012c0,artwork-c8d10012c0,E:\美图\动漫幻想图\陶瓷工作室·紫釉少女.png,陶瓷工作室·紫釉少女,distant-fables,2160,3840,0.56,73,Distant Fables / 远方寓言,fantasy
0-17,0,E:\美图\动漫幻想图\透明棋局·冷淡少女0.png,透明棋局·冷淡少女0,distant-fables,2160,3840,0.56,73,Distant Fables / 远方寓言,fantasy
1-14,1,E:\美图\动漫幻想图\透明棋局·冷淡少女1.png,透明棋局·冷淡少女1,distant-fables,941,1672,0.56,73,Distant Fables / 远方寓言,fantasy
artwork-ca67cf6cde,artwork-ca67cf6cde,E:\美图\动漫幻想图\透明水族馆·蓝绿色静谧.png,透明水族馆·蓝绿色静谧,distant-fables,941,1672,0.56,73,Distant Fables / 远方寓言,mist-blue;soft-green;fantasy
artwork-667fdb883e,artwork-667fdb883e,E:\美图\动漫幻想图\透明鱼群·水下梦境.png,透明鱼群·水下梦境,distant-fables,941,1672,0.56,73,Distant Fables / 远方寓言,fantasy
artwork-e5b73cd6ce,artwork-e5b73cd6ce,E:\美图\动漫幻想图\图书馆深夜·魔法书少女.png,图书馆深夜·魔法书少女,distant-fables,940,1672,0.56,73,Distant Fables / 远方寓言,night;fantasy
artwork-b6cbf87ff1,artwork-b6cbf87ff1,E:\美图\动漫幻想图\星屑房间·夜空少女.png,星屑房间·夜空少女,distant-fables,941,1672,0.56,73,Distant Fables / 远方寓言,night;room;fantasy
artwork-68d010aa80,artwork-68d010aa80,E:\美图\动漫幻想图\月光窗边·银发蝴蝶少女.png,月光窗边·银发蝴蝶少女,distant-fables,941,1672,0.56,73,Distant Fables / 远方寓言,night;fantasy
3-6,3,E:\美图\动漫幻想图\月光窗边·银发蝴蝶少女3.png,月光窗边·银发蝴蝶少女3,distant-fables,941,1672,0.56,73,Distant Fables / 远方寓言,night;fantasy
4-4,4,E:\美图\动漫幻想图\月光窗边·银发蝴蝶少女4.png,月光窗边·银发蝴蝶少女4,distant-fables,941,1672,0.56,73,Distant Fables / 远方寓言,night;fantasy
artwork-69ba465dae,artwork-69ba465dae,E:\美图\动漫幻想图\紫夜星环·黑银发少女.png,紫夜星环·黑银发少女,distant-fables,941,1672,0.56,73,Distant Fables / 远方寓言,night;fantasy
artwork-ad61236f8a,artwork-ad61236f8a,E:\美图\动漫幻想图\冰晶温室·蓝玫瑰少女.png,冰晶温室·蓝玫瑰少女,glasshouse-dreams,941,1672,0.56,73,Glasshouse Dreams / 玻璃温室梦,mist-blue;soft-green;greenhouse;fantasy
0-18,0,E:\美图\手机壁纸\玻璃电梯夜景0.png,玻璃电梯夜景0,glasshouse-dreams,941,1672,0.56,73,Glasshouse Dreams / 玻璃温室梦,night;greenhouse
artwork-39b9c54a63,artwork-39b9c54a63,E:\美图\动漫幻想图\玻璃花瓣·清冷少女.png,玻璃花瓣·清冷少女,glasshouse-dreams,941,1672,0.56,73,Glasshouse Dreams / 玻璃温室梦,mist-blue;greenhouse;fantasy
0-19,0,E:\美图\动漫幻想图\玻璃花瓣·清冷少女0.png,玻璃花瓣·清冷少女0,glasshouse-dreams,941,1672,0.56,73,Glasshouse Dreams / 玻璃温室梦,mist-blue;greenhouse;fantasy
0-20,0,E:\美图\手机壁纸\玻璃糖纸0.png,玻璃糖纸0,glasshouse-dreams,941,1672,0.56,73,Glasshouse Dreams / 玻璃温室梦,greenhouse
1-15,1,E:\美图\手机壁纸\玻璃糖纸1.png,玻璃糖纸1,glasshouse-dreams,941,1672,0.56,73,Glasshouse Dreams / 玻璃温室梦,greenhouse
artwork-35b985bf1c,artwork-35b985bf1c,E:\美图\铅笔线稿图\废弃温室的守叶人.png,废弃温室的守叶人,glasshouse-dreams,941,1672,0.56,73,Glasshouse Dreams / 玻璃温室梦,soft-green;atelier;greenhouse
artwork-7353701b83,artwork-7353701b83,E:\美图\动漫幻想图\花房.png,花房,glasshouse-dreams,941,1672,0.56,73,Glasshouse Dreams / 玻璃温室梦,greenhouse;fantasy
artwork-6cf41c3081,artwork-6cf41c3081,E:\美图\动漫幻想图\蓝焰玻璃·冷感少女.png,蓝焰玻璃·冷感少女,glasshouse-dreams,941,1672,0.56,73,Glasshouse Dreams / 玻璃温室梦,mist-blue;greenhouse;fantasy
3-7,3,E:\美图\动漫幻想图\蓝焰玻璃·冷感少女3.png,蓝焰玻璃·冷感少女3,glasshouse-dreams,941,1672,0.56,73,Glasshouse Dreams / 玻璃温室梦,mist-blue;greenhouse;fantasy
artwork-9d36aef250,artwork-9d36aef250,E:\美图\动漫幻想图\水晶花房·荧光蝶少女.png,水晶花房·荧光蝶少女,glasshouse-dreams,941,1672,0.56,73,Glasshouse Dreams / 玻璃温室梦,greenhouse;fantasy
0-21,0,E:\美图\手机壁纸\温室晨光露珠0.png,温室晨光露珠0,glasshouse-dreams,941,1672,0.56,73,Glasshouse Dreams / 玻璃温室梦,morning;soft-green;greenhouse
artwork-237e2667ee,artwork-237e2667ee,E:\美图\动漫幻想图\暗红雨夜·便利店窗边.png,暗红雨夜·便利店窗边,rain-archive,941,1672,0.56,73,Rain Archive / 雨的档案,rainy;night;muted-red;fantasy
0-22,0,E:\美图\新陶瓷美学\釉色的绿色系\粉青釉·雨雾陶瓷少女0.png,粉青釉·雨雾陶瓷少女0,rain-archive,941,1672,0.56,73,Rain Archive / 雨的档案,rainy;soft-pink;soft-green
1-16,1,E:\美图\新陶瓷美学\釉色的绿色系\粉青釉·雨雾陶瓷少女1.png,粉青釉·雨雾陶瓷少女1,rain-archive,941,1672,0.56,73,Rain Archive / 雨的档案,rainy;soft-pink;soft-green
2-3,2,E:\美图\新陶瓷美学\釉色的绿色系\粉青釉·雨雾陶瓷少女2.png,粉青釉·雨雾陶瓷少女2,rain-archive,941,1672,0.56,73,Rain Archive / 雨的档案,rainy;soft-pink;soft-green
0-23,0,E:\美图\新陶瓷美学\釉色的红色系\霁红：雨霁天开0.png,霁红：雨霁天开0,rain-archive,941,1672,0.56,73,Rain Archive / 雨的档案,rainy;muted-red
1-17,1,E:\美图\新陶瓷美学\釉色的红色系\霁红：雨霁天开1.png,霁红：雨霁天开1,rain-archive,2160,3840,0.56,73,Rain Archive / 雨的档案,rainy;muted-red
artwork-ef58c7dc67,artwork-ef58c7dc67,E:\美图\传统瓷器美学\秘色越窑·雨后静思.png,秘色越窑·雨后静思,rain-archive,941,1672,0.56,73,Rain Archive / 雨的档案,rainy
1-18,1,E:\美图\传统瓷器美学\秘色越窑·雨后少女1.png,秘色越窑·雨后少女1,rain-archive,941,1672,0.56,73,Rain Archive / 雨的档案,rainy
artwork-97c89ebb1e,artwork-97c89ebb1e,E:\美图\传统瓷器美学\汝窑雨霁 · 云破月来.png,汝窑雨霁 · 云破月来,rain-archive,941,1672,0.56,73,Rain Archive / 雨的档案,rainy
artwork-14687f9cf2,artwork-14687f9cf2,E:\美图\新陶瓷美学\天青：汝窑雨霁 · 云破月来.png,天青：汝窑雨霁 · 云破月来,rain-archive,941,1672,0.56,73,Rain Archive / 雨的档案,rainy
0-24,0,E:\美图\新陶瓷美学\釉色的蓝色系\天青色：雨过云开0.png,天青色：雨过云开0,rain-archive,941,1672,0.56,73,Rain Archive / 雨的档案,rainy;mist-blue
1-19,1,E:\美图\新陶瓷美学\釉色的蓝色系\天青色：雨过云开1.png,天青色：雨过云开1,rain-archive,941,1672,0.56,73,Rain Archive / 雨的档案,rainy;mist-blue
0-25,0,E:\美图\传统瓷器美学\天青雨后·绘坯少女0.png,天青雨后·绘坯少女0,rain-archive,941,1672,0.56,73,Rain Archive / 雨的档案,rainy
1-20,1,E:\美图\传统瓷器美学\天青雨后·绘坯少女1.png,天青雨后·绘坯少女1,rain-archive,941,1672,0.56,73,Rain Archive / 雨的档案,rainy
artwork-8d47d5aee1,artwork-8d47d5aee1,E:\美图\动漫幻想图\雨滴窗台·清透少女.png,雨滴窗台·清透少女,rain-archive,941,1672,0.56,73,Rain Archive / 雨的档案,rainy;fantasy
0-26,0,E:\美图\手机壁纸\雨后玻璃窗0.png,雨后玻璃窗0,rain-archive,941,1672,0.56,73,Rain Archive / 雨的档案,rainy;greenhouse
0-27,0,E:\美图\动漫幻想图\雨后窗边的私语0.png,雨后窗边的私语0,rain-archive,941,1672,0.56,73,Rain Archive / 雨的档案,rainy;fantasy
1-21,1,E:\美图\动漫幻想图\雨后窗边的私语1.png,雨后窗边的私语1,rain-archive,941,1672,0.56,73,Rain Archive / 雨的档案,rainy;fantasy
0-28,0,E:\美图\传统瓷器美学\雨后青花·润色少女0.png,雨后青花·润色少女0,rain-archive,941,1672,0.56,73,Rain Archive / 雨的档案,rainy
1-22,1,E:\美图\传统瓷器美学\雨后青花·润色少女1.png,雨后青花·润色少女1,rain-archive,941,1672,0.56,73,Rain Archive / 雨的档案,rainy
2-4,2,E:\美图\传统瓷器美学\雨后青花·润色少女2.png,雨后青花·润色少女2,rain-archive,941,1672,0.56,73,Rain Archive / 雨的档案,rainy
artwork-ce267ccac9,artwork-ce267ccac9,E:\美图\铅笔线稿图\雨落无声与水墨碳焦.png,雨落无声与水墨碳焦,rain-archive,941,1672,0.56,73,Rain Archive / 雨的档案,rainy;atelier
artwork-59cd9223d5,artwork-59cd9223d5,E:\美图\动漫幻想图\雨夜便利店·霓虹少女.png,雨夜便利店·霓虹少女,rain-archive,940,1672,0.56,73,Rain Archive / 雨的档案,rainy;night;fantasy
artwork-9eb913c3e7,artwork-9eb913c3e7,E:\美图\铅笔线稿图\雨夜楼梯间 · 蓝灰静听感.png,雨夜楼梯间 · 蓝灰静听感,rain-archive,941,1672,0.56,73,Rain Archive / 雨的档案,rainy;night;mist-blue;atelier
artwork-c910208de9,artwork-c910208de9,E:\美图\传统瓷器美学\郎窑红釉 · 雪中朱砂.png,郎窑红釉 · 雪中朱砂,seasonal-stations,941,1672,0.56,73,Seasonal Stations / 季节候车室,winter;muted-red
artwork-b133f5089f,artwork-b133f5089f,E:\美图\手机壁纸\雪地红伞.png,雪地红伞,seasonal-stations,941,1672,0.56,73,Seasonal Stations / 季节候车室,winter;muted-red
artwork-307f68632c,artwork-307f68632c,E:\美图\新陶瓷美学\釉色的红色系\雪花红：寒釉碎雪.png,雪花红：寒釉碎雪,seasonal-stations,941,1672,0.56,73,Seasonal Stations / 季节候车室,winter;muted-red
0-29,0,E:\美图\新陶瓷美学\釉色的蓝色系\雪花蓝：飞雪入釉0.png,雪花蓝：飞雪入釉0,seasonal-stations,941,1672,0.56,73,Seasonal Stations / 季节候车室,winter;mist-blue
1-23,1,E:\美图\新陶瓷美学\釉色的蓝色系\雪花蓝：飞雪入釉1.png,雪花蓝：飞雪入釉1,seasonal-stations,941,1672,0.56,73,Seasonal Stations / 季节候车室,winter;mist-blue
0-30,0,E:\美图\铅笔线稿图\雪灰冰枝少女0.png,雪灰冰枝少女0,seasonal-stations,941,1672,0.56,73,Seasonal Stations / 季节候车室,winter;atelier
1-24,1,E:\美图\手机壁纸\雪夜毛衣1.png,雪夜毛衣1,seasonal-stations,941,1672,0.56,73,Seasonal Stations / 季节候车室,winter;night
4-5,4,E:\美图\手机壁纸\雪夜围巾感4.png,雪夜围巾感4,seasonal-stations,941,1672,0.56,73,Seasonal Stations / 季节候车室,winter;night
artwork-5e5af74a1a,artwork-5e5af74a1a,E:\美图\简约壁纸图\白鹿与森林晨雾.png,白鹿与森林晨雾,holding-room,941,1672,0.56,70,Needs Review / 待人工判断,review
artwork-1243125b7b,artwork-1243125b7b,E:\美图\忧郁孤独\白天等电车发呆.png,白天等电车发呆,holding-room,941,1672,0.56,70,Needs Review / 待人工判断,review
artwork-854502f441,artwork-854502f441,E:\美图\眼镜镜片反射\晨雾森林版.png,晨雾森林版,holding-room,941,1672,0.56,70,Needs Review / 待人工判断,review
artwork-2ddc92aa51,artwork-2ddc92aa51,E:\美图\简约壁纸图\春日自行车道·柳树新芽.png,春日自行车道·柳树新芽,holding-room,941,1672,0.56,70,Needs Review / 待人工判断,spring
artwork-d223ede2d3,artwork-d223ede2d3,E:\美图\简约壁纸图\海边黄昏散步.png,海边黄昏散步,holding-room,941,1672,0.56,70,Needs Review / 待人工判断,dusk;amber
artwork-04f1052e67,artwork-04f1052e67,E:\美图\简约壁纸图\海边绿房子·夏日风.png,海边绿房子·夏日风,holding-room,941,1672,0.56,70,Needs Review / 待人工判断,soft-green
artwork-c44d64e4f8,artwork-c44d64e4f8,E:\美图\眼镜镜片反射\海面晨光反射版.png,海面晨光反射版,holding-room,941,1672,0.56,70,Needs Review / 待人工判断,morning
artwork-47e28e9ec2,artwork-47e28e9ec2,E:\美图\简约壁纸图\河堤边放纸船的少女.png,河堤边放纸船的少女,holding-room,941,1672,0.56,70,Needs Review / 待人工判断,review
artwork-248df02cc1,artwork-248df02cc1,E:\美图\简约壁纸图\荷叶码头·湖风少女.png,荷叶码头·湖风少女,holding-room,941,1672,0.56,70,Needs Review / 待人工判断,review
2-5,2,E:\美图\站立\黑2.png,黑2,holding-room,2160,3840,0.56,70,Needs Review / 待人工判断,review
artwork-4e188c719d,artwork-4e188c719d,E:\美图\忧郁孤独\黄昏等电车.png,黄昏等电车,holding-room,941,1672,0.56,70,Needs Review / 待人工判断,dusk;amber
artwork-3e889dfb78,artwork-3e889dfb78,E:\美图\忧郁孤独\黄昏电车发呆.png,黄昏电车发呆,holding-room,941,1672,0.56,70,Needs Review / 待人工判断,dusk;amber
artwork-3dfab219de,artwork-3dfab219de,E:\美图\眼镜镜片反射\极光天穹版.png,极光天穹版,holding-room,941,1672,0.56,70,Needs Review / 待人工判断,review
2-6,2,E:\美图\站立\金2.png,金2,holding-room,941,1672,0.56,70,Needs Review / 待人工判断,review
6,6,E:\美图\站立\金6.png,金6,holding-room,941,1672,0.56,70,Needs Review / 待人工判断,review
artwork-b18d667a69,artwork-b18d667a69,E:\美图\简约壁纸图\镜面湖与单棵树.png,镜面湖与单棵树,holding-room,941,1672,0.56,70,Needs Review / 待人工判断,review
artwork-2f8b9851a8,artwork-2f8b9851a8,E:\美图\简约壁纸图\绿色邮局·春日信件.png,绿色邮局·春日信件,holding-room,941,1672,0.56,70,Needs Review / 待人工判断,spring;soft-green
artwork-f5805764f1,artwork-f5805764f1,E:\美图\简约壁纸图\绿荫白墙·静止夏天.png,绿荫白墙·静止夏天,holding-room,941,1672,0.56,70,Needs Review / 待人工判断,soft-green
artwork-37287675af,artwork-37287675af,E:\美图\简约壁纸图\青柚汽水店·清爽夏日.png,青柚汽水店·清爽夏日,holding-room,941,1672,0.56,70,Needs Review / 待人工判断,review
artwork-2909479400,artwork-2909479400,E:\美图\站立\森系清新少女.png,森系清新少女,holding-room,2160,3840,0.56,70,Needs Review / 待人工判断,review
artwork-8987ac84f3,artwork-8987ac84f3,E:\美图\简约壁纸图\苔藓旧书店·森林入口.png,苔藓旧书店·森林入口,holding-room,941,1672,0.56,70,Needs Review / 待人工判断,review
artwork-08ea7c1fa9,artwork-08ea7c1fa9,E:\美图\简约壁纸图\屋顶看星空的少女.png,屋顶看星空的少女,holding-room,941,1672,0.56,70,Needs Review / 待人工判断,review
artwork-e9eca3e19b,artwork-e9eca3e19b,E:\美图\简约壁纸图\夏日汽水色少女.png,夏日汽水色少女,holding-room,941,1672,0.56,70,Needs Review / 待人工判断,review
artwork-d7a176be27,artwork-d7a176be27,E:\美图\眼镜镜片反射\向日葵原野版.png,向日葵原野版,holding-room,941,1672,0.56,70,Needs Review / 待人工判断,review
10,10,E:\美图\站立\银10.png,银10,holding-room,941,1672,0.56,70,Needs Review / 待人工判断,review
7,7,E:\美图\站立\银7.png,银7,holding-room,2160,3840,0.56,70,Needs Review / 待人工判断,review
9,9,E:\美图\站立\银9.png,银9,holding-room,941,1672,0.56,70,Needs Review / 待人工判断,review
artwork-20ba9f807a,artwork-20ba9f807a,E:\美图\简约壁纸图\月下白鹿.png,月下白鹿,holding-room,941,1672,0.56,70,Needs Review / 待人工判断,review
artwork-4bbeb78b36,artwork-4bbeb78b36,E:\美图\简约壁纸图\月夜湖边少女.png,月夜湖边少女,holding-room,941,1672,0.56,70,Needs Review / 待人工判断,night
artwork-a9d3499587,artwork-a9d3499587,E:\美图\眼镜镜片反射\云朵棉花糖黄昏版.png,云朵棉花糖黄昏版,holding-room,941,1672,0.56,70,Needs Review / 待人工判断,dusk;amber
artwork-37365f5b5d,artwork-37365f5b5d,E:\美图\简约壁纸图\云海之上的白色回廊.png,云海之上的白色回廊,holding-room,941,1672,0.56,70,Needs Review / 待人工判断,review
chatgpt-image-2026-5-16-16-41-05,chatgpt-image-2026-5-16-16-41-05,E:\美图\铅笔线稿图\金黑几何线稿少女.png,ChatGPT Image 2026年5月16日 16_41_05,atelier-hours,941,1672,0.56,65,Atelier Hours / 画室时刻,atelier
gpt-image-2-medium-b-an-original-high-end,gpt-image-2-medium-b-an-original-high-end,E:\美图\铅笔线稿图\暗金尘光蜷坐少女.png,gpt-image-2 (medium)_b_An_original_high-end,atelier-hours,941,1672,0.56,65,Atelier Hours / 画室时刻,atelier
gpt-image-2-medium-b-9-16-5,gpt-image-2-medium-b-9-16,E:\美图\动漫幻想图\樱红雨街回眸少女.png,gpt-image-2 (medium)_b_原创二次元半写实厚涂插画，9_16竖屏，,atelier-hours,941,1672,0.56,65,Atelier Hours / 画室时刻,fantasy
gpt-image-2-medium-b-9-16-1,gpt-image-2-medium-b-9-16-1,E:\美图\动漫幻想图\红枫雨夜白发少女.png,gpt-image-2 (medium)_b_原创二次元半写实厚涂插画，9_16竖屏， (1),atelier-hours,941,1672,0.56,65,Atelier Hours / 画室时刻,fantasy
gpt-image-2-medium-b-3,gpt-image-2-medium-b,E:\美图\铅笔线稿图\暖棕阁楼疲惫少女.png,gpt-image-2 (medium)_b_原创高级日系二次元半写实插画，竖屏全身构,atelier-hours,941,1672,0.56,65,Atelier Hours / 画室时刻,atelier
gpt-image-2-medium-b-9-16-6,gpt-image-2-medium-b-9-16,E:\美图\铅笔线稿图\白瓷茶席沉睡少女.png,gpt-image-2 (medium)_b_原创高级日系二次元插画，9_16竖屏，半,atelier-hours,941,1672,0.56,65,Atelier Hours / 画室时刻,atelier
gpt-image-2-medium-b-9-16-7,gpt-image-2-medium-b-9-16,E:\美图\铅笔线稿图\雪光窗边侧颜少女.png,gpt-image-2 (medium)_b_原创日系二次元半写实插画，9_16竖屏，,atelier-hours,941,1672,0.56,65,Atelier Hours / 画室时刻,atelier
chatgpt-image-2026-5-9-00-01-01,chatgpt-image-2026-5-9-00-01-01,E:\美图\动漫幻想图\银蓝未来实验室少女.png,ChatGPT Image 2026年5月9日 00_01_01,distant-fables,941,1672,0.56,65,Distant Fables / 远方寓言,fantasy
image-2-2,image-2-2,E:\美图\动漫幻想图\红叶灯下白发少女.png,Image 2 (2),distant-fables,2160,3840,0.56,65,Distant Fables / 远方寓言,fantasy
0-31,0,E:\美图\传统瓷器美学\白瓷凝脂·纯净初晨0.png,白瓷凝脂·纯净初晨0,porcelain-silence,941,1672,0.56,65,Future: Porcelain Silence / 瓷白静物,review
2-7,2,E:\美图\传统瓷器美学\白瓷凝脂·纯净初晨2.png,白瓷凝脂·纯净初晨2,porcelain-silence,941,1672,0.56,65,Future: Porcelain Silence / 瓷白静物,review
1-25,1,E:\美图\传统瓷器美学\白瓷凝脂·纯净少女1.png,白瓷凝脂·纯净少女1,porcelain-silence,941,1672,0.56,65,Future: Porcelain Silence / 瓷白静物,review
artwork-63947736c5,artwork-63947736c5,E:\美图\新陶瓷美学\釉色的绿色系\茶叶末釉·秋炉陶瓷少女.png,茶叶末釉·秋炉陶瓷少女,porcelain-silence,941,1672,0.56,65,Future: Porcelain Silence / 瓷白静物,soft-green
artwork-91d02aee94,artwork-91d02aee94,E:\美图\传统瓷器美学\茶叶末釉·陶瓷少女.png,茶叶末釉·陶瓷少女,porcelain-silence,941,1672,0.56,65,Future: Porcelain Silence / 瓷白静物,review
artwork-4aa0eb235a,artwork-4aa0eb235a,E:\美图\新陶瓷美学\釉色的黄色系\初禾暖釉 · 风过庭阶.png,初禾暖釉 · 风过庭阶,porcelain-silence,941,1672,0.56,65,Future: Porcelain Silence / 瓷白静物,amber
artwork-3d3c46f74b,artwork-3d3c46f74b,E:\美图\传统瓷器美学\磁州白地黑花·笔墨少女.png,磁州白地黑花·笔墨少女,porcelain-silence,941,1672,0.56,65,Future: Porcelain Silence / 瓷白静物,review
0-32,0,E:\美图\传统瓷器美学\磁州黑白·陶瓷少女0.png,磁州黑白·陶瓷少女0,porcelain-silence,941,1672,0.56,65,Future: Porcelain Silence / 瓷白静物,review
artwork-7297b126b0,artwork-7297b126b0,E:\美图\新陶瓷美学\釉色的紫色系\丁香紫釉·月阶陶瓷少女.png,丁香紫釉·月阶陶瓷少女,porcelain-silence,941,1672,0.56,65,Future: Porcelain Silence / 瓷白静物,review
artwork-17c62ced44,artwork-17c62ced44,E:\美图\新陶瓷美学\釉色的绿色系\豆青釉·茶席陶瓷少女.png,豆青釉·茶席陶瓷少女,porcelain-silence,941,1672,0.56,65,Future: Porcelain Silence / 瓷白静物,soft-green
artwork-9f3e0c3ff6,artwork-9f3e0c3ff6,E:\美图\传统瓷器美学\珐琅瑰宝·瑰丽暗夜.png,珐琅瑰宝·瑰丽暗夜,porcelain-silence,941,1672,0.56,65,Future: Porcelain Silence / 瓷白静物,night
0-33,0,E:\美图\传统瓷器美学\珐琅瑰宝·瑰丽暗夜0.png,珐琅瑰宝·瑰丽暗夜0,porcelain-silence,941,1672,0.56,65,Future: Porcelain Silence / 瓷白静物,night
1-26,1,E:\美图\传统瓷器美学\珐琅瑰宝·瑰丽暗夜1.png,珐琅瑰宝·瑰丽暗夜1,porcelain-silence,941,1672,0.56,65,Future: Porcelain Silence / 瓷白静物,night
artwork-32b575d826,artwork-32b575d826,E:\美图\新陶瓷美学\釉色的红色系\矾红：宫焰丹砂.png,矾红：宫焰丹砂,porcelain-silence,941,1672,0.56,65,Future: Porcelain Silence / 瓷白静物,muted-red
artwork-0d5c417911,artwork-0d5c417911,E:\美图\传统瓷器美学\粉彩花釉.png,粉彩花釉,porcelain-silence,941,1672,0.56,65,Future: Porcelain Silence / 瓷白静物,soft-pink
1-27,1,E:\美图\传统瓷器美学\粉彩庭院·和煦少女1.png,粉彩庭院·和煦少女1,porcelain-silence,941,1672,0.56,65,Future: Porcelain Silence / 瓷白静物,soft-pink
3-8,3,E:\美图\传统瓷器美学\粉彩庭院·和煦少女3.png,粉彩庭院·和煦少女3,porcelain-silence,941,1672,0.56,65,Future: Porcelain Silence / 瓷白静物,soft-pink
artwork-7366cd458b,artwork-7366cd458b,E:\美图\传统瓷器美学\粉彩庭院·和煦午后.png,粉彩庭院·和煦午后,porcelain-silence,2160,3840,0.56,65,Future: Porcelain Silence / 瓷白静物,soft-pink
0-34,0,E:\美图\传统瓷器美学\粉彩紫藤·陶瓷少女0.png,粉彩紫藤·陶瓷少女0,porcelain-silence,941,1672,0.56,65,Future: Porcelain Silence / 瓷白静物,soft-pink
artwork-988bfeca46,artwork-988bfeca46,E:\美图\新陶瓷美学\釉色的蓝色系\粉青月白·春水陶瓷少女.png,粉青月白·春水陶瓷少女,porcelain-silence,941,1672,0.56,65,Future: Porcelain Silence / 瓷白静物,spring;mist-blue;soft-pink
0-35,0,E:\美图\传统瓷器美学\粉青竹影·茶歇少女0.png,粉青竹影·茶歇少女0,porcelain-silence,941,1672,0.56,65,Future: Porcelain Silence / 瓷白静物,soft-pink
artwork-46032cecd9,artwork-46032cecd9,E:\美图\传统瓷器美学\粉紫霓虹·冷感少女.png,粉紫霓虹·冷感少女,porcelain-silence,941,1672,0.56,65,Future: Porcelain Silence / 瓷白静物,soft-pink
0-36,0,E:\美图\新陶瓷美学\釉色的绿色系\瓜皮绿釉·闲梦陶瓷少女0.png,瓜皮绿釉·闲梦陶瓷少女0,porcelain-silence,941,1672,0.56,65,Future: Porcelain Silence / 瓷白静物,soft-green
1-28,1,E:\美图\新陶瓷美学\釉色的绿色系\瓜皮绿釉·闲梦陶瓷少女1.png,瓜皮绿釉·闲梦陶瓷少女1,porcelain-silence,941,1672,0.56,65,Future: Porcelain Silence / 瓷白静物,soft-green
artwork-c0485e4250,artwork-c0485e4250,E:\美图\新陶瓷美学\釉色的黄色系\皇家黄釉·陶瓷少女.png,皇家黄釉·陶瓷少女,porcelain-silence,941,1672,0.56,65,Future: Porcelain Silence / 瓷白静物,review
artwork-af5330a9ae,artwork-af5330a9ae,E:\美图\新陶瓷美学\釉色的黄色系\鸡油黄釉·陶瓷少女.png,鸡油黄釉·陶瓷少女,porcelain-silence,941,1672,0.56,65,Future: Porcelain Silence / 瓷白静物,review
artwork-d036c57048,artwork-d036c57048,E:\美图\新陶瓷美学\釉色的红色系\祭红：祭火流光.png,祭红：祭火流光,porcelain-silence,941,1672,0.56,65,Future: Porcelain Silence / 瓷白静物,muted-red
artwork-a8b527f259,artwork-a8b527f259,E:\美图\新陶瓷美学\釉色的蓝色系\霁蓝：深海静夜.png,霁蓝：深海静夜,porcelain-silence,941,1672,0.56,65,Future: Porcelain Silence / 瓷白静物,night;mist-blue
artwork-c5db513b15,artwork-c5db513b15,E:\美图\新陶瓷美学\釉色的红色系\豇豆红：晨雾轻染.png,豇豆红：晨雾轻染,porcelain-silence,941,1672,0.56,65,Future: Porcelain Silence / 瓷白静物,muted-red
0-37,0,E:\美图\传统瓷器美学\金继陶瓷少女0.png,金继陶瓷少女0,porcelain-silence,941,1672,0.56,65,Future: Porcelain Silence / 瓷白静物,review
1-29,1,E:\美图\传统瓷器美学\金继陶瓷少女1.png,金继陶瓷少女1,porcelain-silence,941,1672,0.56,65,Future: Porcelain Silence / 瓷白静物,review
0-38,0,E:\美图\传统瓷器美学\金丝哥窑·冰裂少女0.png,金丝哥窑·冰裂少女0,porcelain-silence,941,1672,0.56,65,Future: Porcelain Silence / 瓷白静物,review
1-30,1,E:\美图\传统瓷器美学\金丝哥窑·冰裂少女1.png,金丝哥窑·冰裂少女1,porcelain-silence,941,1672,0.56,65,Future: Porcelain Silence / 瓷白静物,review
0-39,0,E:\美图\新陶瓷美学\釉色的蓝色系\钧蓝窑变·流霞陶瓷少女0.png,钧蓝窑变·流霞陶瓷少女0,porcelain-silence,941,1672,0.56,65,Future: Porcelain Silence / 瓷白静物,mist-blue
1-31,1,E:\美图\新陶瓷美学\釉色的蓝色系\钧蓝窑变·流霞陶瓷少女1.png,钧蓝窑变·流霞陶瓷少女1,porcelain-silence,941,1672,0.56,65,Future: Porcelain Silence / 瓷白静物,mist-blue
artwork-7d9f3d1ba7,artwork-7d9f3d1ba7,E:\美图\传统瓷器美学\钧窑瓷龙·万彩星云.png,钧窑瓷龙·万彩星云,porcelain-silence,941,1672,0.56,65,Future: Porcelain Silence / 瓷白静物,review
artwork-5495ad4dd3,artwork-5495ad4dd3,E:\美图\传统瓷器美学\钧窑红斑·祈愿少女.png,钧窑红斑·祈愿少女,porcelain-silence,941,1672,0.56,65,Future: Porcelain Silence / 瓷白静物,muted-red
artwork-ca4aa46736,artwork-ca4aa46736,E:\美图\传统瓷器美学\钧窑幻彩·迷离少女.png,钧窑幻彩·迷离少女,porcelain-silence,941,1672,0.56,65,Future: Porcelain Silence / 瓷白静物,review
0-40,0,E:\美图\传统瓷器美学\钧窑窑变·陶瓷少女0.png,钧窑窑变·陶瓷少女0,porcelain-silence,941,1672,0.56,65,Future: Porcelain Silence / 瓷白静物,review
0-41,0,E:\美图\新陶瓷美学\釉色的蓝色系\孔雀蓝翡翠蓝·流艳陶瓷少女0.png,孔雀蓝翡翠蓝·流艳陶瓷少女0,porcelain-silence,941,1672,0.56,65,Future: Porcelain Silence / 瓷白静物,mist-blue
artwork-0f512e4977,artwork-0f512e4977,E:\美图\新陶瓷美学\釉色的绿色系\孔雀绿釉·华影陶瓷少女.png,孔雀绿釉·华影陶瓷少女,porcelain-silence,941,1672,0.56,65,Future: Porcelain Silence / 瓷白静物,soft-green
artwork-706d6ab41d,artwork-706d6ab41d,E:\美图\传统瓷器美学\孔雀绿釉·陶瓷少女.png,孔雀绿釉·陶瓷少女,porcelain-silence,941,1672,0.56,65,Future: Porcelain Silence / 瓷白静物,soft-green
0-42,0,E:\美图\传统瓷器美学\蓝冰裂纹·冷感少女0.png,蓝冰裂纹·冷感少女0,porcelain-silence,941,1672,0.56,65,Future: Porcelain Silence / 瓷白静物,mist-blue
artwork-7f2df33c47,artwork-7f2df33c47,E:\美图\新陶瓷美学\郎红火釉 · 朱焰灼心.png,郎红火釉 · 朱焰灼心,porcelain-silence,941,1672,0.56,65,Future: Porcelain Silence / 瓷白静物,muted-red
artwork-51642f03a4,artwork-51642f03a4,E:\美图\新陶瓷美学\釉色的红色系\郎窑红：烈焰凝脂.png,郎窑红：烈焰凝脂,porcelain-silence,941,1672,0.56,65,Future: Porcelain Silence / 瓷白静物,muted-red
0-43,0,E:\美图\传统瓷器美学\郎窑红釉·惊艳少女0.png,郎窑红釉·惊艳少女0,porcelain-silence,941,1672,0.56,65,Future: Porcelain Silence / 瓷白静物,muted-red
artwork-46d11590c5,artwork-46d11590c5,E:\美图\传统瓷器美学\龙泉青瓷·清雅少女.png,龙泉青瓷·清雅少女,porcelain-silence,941,1672,0.56,65,Future: Porcelain Silence / 瓷白静物,review
0-44,0,E:\美图\传统瓷器美学\龙泉青瓷·清雅少女0.png,龙泉青瓷·清雅少女0,porcelain-silence,941,1672,0.56,65,Future: Porcelain Silence / 瓷白静物,review
3-9,3,E:\美图\传统瓷器美学\龙泉青瓷·清雅少女3.png,龙泉青瓷·清雅少女3,porcelain-silence,941,1672,0.56,65,Future: Porcelain Silence / 瓷白静物,review
0-45,0,E:\美图\传统瓷器美学\龙泉青瓷·陶瓷少女0.png,龙泉青瓷·陶瓷少女0,porcelain-silence,941,1672,0.56,65,Future: Porcelain Silence / 瓷白静物,review
artwork-d84dffa941,artwork-d84dffa941,E:\美图\新陶瓷美学\釉色的绿色系\绿郎窑·苹果绿陶瓷少女.png,绿郎窑·苹果绿陶瓷少女,porcelain-silence,941,1672,0.56,65,Future: Porcelain Silence / 瓷白静物,soft-green
0-46,0,E:\美图\新陶瓷美学\釉色的蓝色系\绿松石蓝秋葵蓝·清焰陶瓷少女0.png,绿松石蓝秋葵蓝·清焰陶瓷少女0,porcelain-silence,941,1672,0.56,65,Future: Porcelain Silence / 瓷白静物,mist-blue;soft-green
1-32,1,E:\美图\新陶瓷美学\釉色的蓝色系\绿松石蓝秋葵蓝·清焰陶瓷少女1.png,绿松石蓝秋葵蓝·清焰陶瓷少女1,porcelain-silence,941,1672,0.56,65,Future: Porcelain Silence / 瓷白静物,mist-blue;soft-green
artwork-214e6ee05d,artwork-214e6ee05d,E:\美图\新陶瓷美学\釉色的绿色系\梅子青·春溪陶瓷少女.png,梅子青·春溪陶瓷少女,porcelain-silence,941,1672,0.56,65,Future: Porcelain Silence / 瓷白静物,spring;soft-green
0-47,0,E:\美图\传统瓷器美学\墨彩雅致·静夜沉思0.png,墨彩雅致·静夜沉思0,porcelain-silence,941,1672,0.56,65,Future: Porcelain Silence / 瓷白静物,night
1-33,1,E:\美图\传统瓷器美学\墨彩雅致·静夜沉思1.png,墨彩雅致·静夜沉思1,porcelain-silence,941,1672,0.56,65,Future: Porcelain Silence / 瓷白静物,night
2-8,2,E:\美图\传统瓷器美学\墨彩雅致·静夜沉思2.png,墨彩雅致·静夜沉思2,porcelain-silence,941,1672,0.56,65,Future: Porcelain Silence / 瓷白静物,night
3-10,3,E:\美图\传统瓷器美学\墨彩雅致·静夜沉思3.png,墨彩雅致·静夜沉思3,porcelain-silence,941,1672,0.56,65,Future: Porcelain Silence / 瓷白静物,night
0-48,0,E:\美图\传统瓷器美学\青花古董院·慵懒少女0.png,青花古董院·慵懒少女0,porcelain-silence,941,1672,0.56,65,Future: Porcelain Silence / 瓷白静物,review
1-34,1,E:\美图\传统瓷器美学\青花古董院·慵懒少女1.png,青花古董院·慵懒少女1,porcelain-silence,941,1672,0.56,65,Future: Porcelain Silence / 瓷白静物,review
2-9,2,E:\美图\传统瓷器美学\青花古董院·慵懒少女2.png,青花古董院·慵懒少女2,porcelain-silence,941,1672,0.56,65,Future: Porcelain Silence / 瓷白静物,review
3-11,3,E:\美图\传统瓷器美学\青花古董院·慵懒少女3.png,青花古董院·慵懒少女3,porcelain-silence,941,1672,0.56,65,Future: Porcelain Silence / 瓷白静物,review
artwork-a366ba1fde,artwork-a366ba1fde,E:\美图\传统瓷器美学\青花云龙·御风少女.png,青花云龙·御风少女,porcelain-silence,941,1672,0.56,65,Future: Porcelain Silence / 瓷白静物,review
0-49,0,E:\美图\新陶瓷美学\青蓝窑火 · 冷焰流釉0.png,青蓝窑火 · 冷焰流釉0,porcelain-silence,941,1672,0.56,65,Future: Porcelain Silence / 瓷白静物,mist-blue
1-35,1,E:\美图\新陶瓷美学\青蓝窑火 · 冷焰流釉1.png,青蓝窑火 · 冷焰流釉1,porcelain-silence,941,1672,0.56,65,Future: Porcelain Silence / 瓷白静物,mist-blue
0-50,0,E:\美图\传统瓷器美学\汝窑天青·陶瓷少女0.png,汝窑天青·陶瓷少女0,porcelain-silence,941,1672,0.56,65,Future: Porcelain Silence / 瓷白静物,review
1-36,1,E:\美图\传统瓷器美学\汝窑天青·陶瓷少女1.png,汝窑天青·陶瓷少女1,porcelain-silence,941,1672,0.56,65,Future: Porcelain Silence / 瓷白静物,review
2-10,2,E:\美图\传统瓷器美学\汝窑天青·陶瓷少女2.png,汝窑天青·陶瓷少女2,porcelain-silence,941,1672,0.56,65,Future: Porcelain Silence / 瓷白静物,review
0-51,0,E:\美图\新陶瓷美学\釉色的绿色系\山茶绿釉·花影陶瓷少女0.png,山茶绿釉·花影陶瓷少女0,porcelain-silence,941,1672,0.56,65,Future: Porcelain Silence / 瓷白静物,soft-green
1-37,1,E:\美图\新陶瓷美学\釉色的绿色系\山茶绿釉·花影陶瓷少女1.png,山茶绿釉·花影陶瓷少女1,porcelain-silence,941,1672,0.56,65,Future: Porcelain Silence / 瓷白静物,soft-green
artwork-d3d241fae5,artwork-d3d241fae5,E:\美图\新陶瓷美学\釉色的红色系\珊瑚红：海雾霞光.png,珊瑚红：海雾霞光,porcelain-silence,941,1672,0.56,65,Future: Porcelain Silence / 瓷白静物,muted-red
artwork-f7b8d3d5cd,artwork-f7b8d3d5cd,E:\美图\新陶瓷美学\釉色的绿色系\松石绿釉·海风陶瓷少女.png,松石绿釉·海风陶瓷少女,porcelain-silence,941,1672,0.56,65,Future: Porcelain Silence / 瓷白静物,soft-green
artwork-59f2138c7a,artwork-59f2138c7a,E:\美图\新陶瓷美学\釉色的黄色系\钛黄釉·陶瓷少女.png,钛黄釉·陶瓷少女,porcelain-silence,941,1672,0.56,65,Future: Porcelain Silence / 瓷白静物,review
0-52,0,E:\美图\传统瓷器美学\藤萝流釉·慵懒少女0.png,藤萝流釉·慵懒少女0,porcelain-silence,2160,3840,0.56,65,Future: Porcelain Silence / 瓷白静物,review
1-38,1,E:\美图\传统瓷器美学\藤萝流釉·慵懒少女1.png,藤萝流釉·慵懒少女1,porcelain-silence,941,1672,0.56,65,Future: Porcelain Silence / 瓷白静物,review
0-53,0,E:\美图\新陶瓷美学\釉色的蓝色系\天蓝釉：晴空初霁0.png,天蓝釉：晴空初霁0,porcelain-silence,941,1672,0.56,65,Future: Porcelain Silence / 瓷白静物,mist-blue
1-39,1,E:\美图\新陶瓷美学\釉色的蓝色系\天蓝釉：晴空初霁1.png,天蓝釉：晴空初霁1,porcelain-silence,941,1672,0.56,65,Future: Porcelain Silence / 瓷白静物,mist-blue
0-54,0,E:\美图\传统瓷器美学\脱胎瓷·陶瓷少女0.png,脱胎瓷·陶瓷少女0,porcelain-silence,941,1672,0.56,65,Future: Porcelain Silence / 瓷白静物,review
0-55,0,E:\美图\传统瓷器美学\雾紫晚霞·瓷缘少女0.png,雾紫晚霞·瓷缘少女0,porcelain-silence,941,1672,0.56,65,Future: Porcelain Silence / 瓷白静物,review
0-56,0,E:\美图\新陶瓷美学\釉色的绿色系\蟹壳青·夜窑陶瓷少女0.png,蟹壳青·夜窑陶瓷少女0,porcelain-silence,941,1672,0.56,65,Future: Porcelain Silence / 瓷白静物,night;soft-green
1-40,1,E:\美图\新陶瓷美学\釉色的绿色系\蟹壳青·夜窑陶瓷少女1.png,蟹壳青·夜窑陶瓷少女1,porcelain-silence,941,1672,0.56,65,Future: Porcelain Silence / 瓷白静物,night;soft-green
artwork-d1b9f4fbd6,artwork-d1b9f4fbd6,E:\美图\新陶瓷美学\釉色的红色系\胭脂红：绮梦深染.png,胭脂红：绮梦深染,porcelain-silence,941,1672,0.56,65,Future: Porcelain Silence / 瓷白静物,muted-red
0-57,0,E:\美图\传统瓷器美学\烟青墨染·静谧少女0.png,烟青墨染·静谧少女0,porcelain-silence,2160,3840,0.56,65,Future: Porcelain Silence / 瓷白静物,review
1-41,1,E:\美图\传统瓷器美学\烟青墨染·静谧少女1.png,烟青墨染·静谧少女1,porcelain-silence,941,1672,0.56,65,Future: Porcelain Silence / 瓷白静物,review
artwork-0e60b5659a,artwork-0e60b5659a,E:\美图\传统瓷器美学\窑变无双·舞动少女.png,窑变无双·舞动少女,porcelain-silence,941,1672,0.56,65,Future: Porcelain Silence / 瓷白静物,review
0-58,0,E:\美图\新陶瓷美学\曜变黑釉 · 星焰天目0.png,曜变黑釉 · 星焰天目0,porcelain-silence,941,1672,0.56,65,Future: Porcelain Silence / 瓷白静物,review
1-42,1,E:\美图\新陶瓷美学\曜变黑釉 · 星焰天目1.png,曜变黑釉 · 星焰天目1,porcelain-silence,941,1672,0.56,65,Future: Porcelain Silence / 瓷白静物,review
artwork-5bcce4a12f,artwork-5bcce4a12f,E:\美图\传统瓷器美学\曜变天目·星辰少女.png,曜变天目·星辰少女,porcelain-silence,2160,3840,0.56,65,Future: Porcelain Silence / 瓷白静物,review
0-59,0,E:\美图\传统瓷器美学\影青透雕·陶瓷少女0.png,影青透雕·陶瓷少女0,porcelain-silence,941,1672,0.56,65,Future: Porcelain Silence / 瓷白静物,review
artwork-038e149507,artwork-038e149507,E:\美图\新陶瓷美学\釉色的红色系\釉里红：白地藏绯.png,釉里红：白地藏绯,porcelain-silence,941,1672,0.56,65,Future: Porcelain Silence / 瓷白静物,muted-red
3-12,3,E:\美图\传统瓷器美学\釉下五彩·静谧少女3.png,釉下五彩·静谧少女3,porcelain-silence,941,1672,0.56,65,Future: Porcelain Silence / 瓷白静物,review
0-60,0,E:\美图\传统瓷器美学\釉下五彩·静谧时光0.png,釉下五彩·静谧时光0,porcelain-silence,941,1672,0.56,65,Future: Porcelain Silence / 瓷白静物,review
2-11,2,E:\美图\传统瓷器美学\釉下五彩·静谧时光2.png,釉下五彩·静谧时光2,porcelain-silence,2174,3848,0.56,65,Future: Porcelain Silence / 瓷白静物,review
1-43,1,E:\美图\手机壁纸\草莓奶油1.png,草莓奶油1,holding-room,941,1672,0.56,65,Needs Review / 待人工判断,review
3-13,3,E:\美图\手机壁纸\粉3.png,粉3,holding-room,941,1672,0.56,65,Needs Review / 待人工判断,soft-pink
artwork-fe2714f9df,artwork-fe2714f9df,E:\美图\手机壁纸\粉色海边.png,粉色海边,holding-room,941,1672,0.56,65,Needs Review / 待人工判断,soft-pink
artwork-a594e8afae,artwork-a594e8afae,E:\美图\手机壁纸\粉色红枫树林.png,粉色红枫树林,holding-room,941,1672,0.56,65,Needs Review / 待人工判断,soft-pink;muted-red
0-61,0,E:\美图\手机壁纸\海风白衬衫0.png,海风白衬衫0,holding-room,941,1672,0.56,65,Needs Review / 待人工判断,review
0-62,0,E:\美图\手机壁纸\蜜桃汽水0.png,蜜桃汽水0,holding-room,941,1672,0.56,65,Needs Review / 待人工判断,review
artwork-2a95df5347,artwork-2a95df5347,E:\美图\手机壁纸\浅绿.png,浅绿,holding-room,941,1672,0.56,65,Needs Review / 待人工判断,soft-green
0-63,0,E:\美图\手机壁纸\软萌猫系甜欲0.png,软萌猫系甜欲0,holding-room,941,1672,0.56,65,Needs Review / 待人工判断,review
0-64,0,E:\美图\手机壁纸\软糯居家0.png,软糯居家0,holding-room,941,1672,0.56,65,Needs Review / 待人工判断,review
0-65,0,E:\美图\手机壁纸\甜妹夜景0.png,甜妹夜景0,holding-room,941,1672,0.56,65,Needs Review / 待人工判断,night
0-66,0,E:\美图\手机壁纸\香草冰淇淋0.png,香草冰淇淋0,holding-room,941,1672,0.56,65,Needs Review / 待人工判断,review
1-44,1,E:\美图\手机壁纸\夜色丝绒沙发1.png,夜色丝绒沙发1,holding-room,941,1672,0.56,65,Needs Review / 待人工判断,night
artwork-412fc423e7,artwork-412fc423e7,E:\美图\手机壁纸\银发河边.png,银发河边,holding-room,941,1672,0.56,65,Needs Review / 待人工判断,review
1-45,1,E:\美图\手机壁纸\银发紫眼1.png,银发紫眼1,holding-room,941,1672,0.56,65,Needs Review / 待人工判断,review
0-67,0,E:\美图\手机壁纸\樱花牛奶0.png,樱花牛奶0,holding-room,941,1672,0.56,65,Needs Review / 待人工判断,review
1-46,1,E:\美图\手机壁纸\棕1.png,棕1,holding-room,941,1672,0.56,65,Needs Review / 待人工判断,review
chatgpt-image-2026-5-2-23-51-34,chatgpt-image-2026-5-2-23-51-34,E:\美图\简约壁纸图\海边车站独坐少女.png,ChatGPT Image 2026年5月2日 23_51_34,holding-room,941,1672,0.56,62,Needs Review / 待人工判断,review
chatgpt-image-2026-5-8-13-14-13,chatgpt-image-2026-5-8-13-14-13,E:\美图\传统瓷器美学\天青庭院茶席少女.png,ChatGPT Image 2026年5月8日 13_14_13,porcelain-silence,941,1672,0.56,57,Future: Porcelain Silence / 瓷白静物,review
gpt-image-2-medium-b-9-16-8,gpt-image-2-medium-b-9-16,E:\美图\传统瓷器美学\黑伞赤雨少女.png,gpt-image-2 (medium)_b_原创二次元半写实插画，9_16竖屏，全身,porcelain-silence,941,1672,0.56,57,Future: Porcelain Silence / 瓷白静物,review
gpt-image-2-medium-b-9-16-9,gpt-image-2-medium-b-9-16,E:\美图\传统瓷器美学\冰阶白发少女.png,gpt-image-2 (medium)_b_原创高级日系动漫插画，9_16竖屏，全身,porcelain-silence,941,1672,0.56,57,Future: Porcelain Silence / 瓷白静物,review
gpt-image-2-medium-b-9-16-10,gpt-image-2-medium-b-9-16,E:\美图\新陶瓷美学\釉色的黄色系\金瓷庭院长裙少女.png,gpt-image-2 (medium)_b_原创高级日系动漫插画，9_16竖屏，全身,porcelain-silence,941,1672,0.56,57,Future: Porcelain Silence / 瓷白静物,review
image-1-1,image-1-1,E:\美图\4K图\墨蓝山河白发行者.png,Image 1 (1),holding-room,2160,3840,0.56,57,Needs Review / 待人工判断,review
image-2-3,image-2,E:\美图\4K图\黑白山水长发少女.png,Image 2,holding-room,2160,3840,0.56,57,Needs Review / 待人工判断,review
image-3,image-3,E:\美图\4K图\霓蓝山城白发少女.png,Image 3,holding-room,2160,3840,0.56,57,Needs Review / 待人工判断,review
image-4,image-4,E:\美图\4K图\霓虹屏幕蓝发少女.png,Image 4,holding-room,2160,3840,0.56,57,Needs Review / 待人工判断,review
artwork-d3ca953dd8,artwork-d3ca953dd8,E:\美图\眼睛特写图\紫雾月铃 · 神秘幻想版.png,紫雾月铃 · 神秘幻想版,distant-fables,941,1672,0.56,53,Distant Fables / 远方寓言,fantasy
artwork-3748558b2d,artwork-3748558b2d,E:\美图\眼睛特写图\星海玻璃瞳 · 深蓝梦境版.png,星海玻璃瞳 · 深蓝梦境版,glasshouse-dreams,941,1672,0.56,53,Glasshouse Dreams / 玻璃温室梦,mist-blue;greenhouse
artwork-5701aaaf76,artwork-5701aaaf76,E:\美图\眼睛特写图\雨滴琉璃 · 湿润透明版.png,雨滴琉璃 · 湿润透明版,rain-archive,941,1672,0.56,53,Rain Archive / 雨的档案,rainy
artwork-b056d74c2a,artwork-b056d74c2a,E:\美图\眼睛特写图\雨雾玻璃.png,雨雾玻璃,rain-archive,941,1672,0.56,53,Rain Archive / 雨的档案,rainy;greenhouse
artwork-8652becbf7,artwork-8652becbf7,E:\美图\传统瓷器美学\瑕疵\碧绿温室·慵懒少女.png,碧绿温室·慵懒少女,glasshouse-dreams,941,1672,0.56,48,Glasshouse Dreams / 玻璃温室梦,soft-green;greenhouse
0-68,0,E:\美图\传统瓷器美学\瑕疵\秘色越窑·雨后少女0.png,秘色越窑·雨后少女0,rain-archive,941,1672,0.56,48,Rain Archive / 雨的档案,rainy
artwork-4c94d48690,artwork-4c94d48690,E:\美图\传统瓷器美学\瑕疵\雨后青花·润色少女.png,雨后青花·润色少女,rain-archive,941,1672,0.56,48,Rain Archive / 雨的档案,rainy
artwork-cafcb0501e,artwork-cafcb0501e,E:\美图\眼睛特写图\冰海星瞳.png,冰海星瞳,holding-room,941,1672,0.56,45,Needs Review / 待人工判断,review
artwork-ed8c4b3f53,artwork-ed8c4b3f53,E:\美图\眼睛特写图\赤月琉璃.png,赤月琉璃,holding-room,941,1672,0.56,45,Needs Review / 待人工判断,review
artwork-ddeb5051bf,artwork-ddeb5051bf,E:\美图\眼睛特写图\绯樱蜜糖.png,绯樱蜜糖,holding-room,941,1672,0.56,45,Needs Review / 待人工判断,review
artwork-6dbe551f8e,artwork-6dbe551f8e,E:\美图\眼睛特写图\极光冰晶 · 清冷空灵版.png,极光冰晶 · 清冷空灵版,holding-room,941,1672,0.56,45,Needs Review / 待人工判断,mist-blue
artwork-87719d9900,artwork-87719d9900,E:\美图\眼睛特写图\金蝶暮光 · 华丽柔金版.png,金蝶暮光 · 华丽柔金版,holding-room,941,1672,0.56,45,Needs Review / 待人工判断,review
artwork-a8de453b17,artwork-a8de453b17,E:\美图\眼睛特写图\堇夜星梦.png,堇夜星梦,holding-room,941,1672,0.56,45,Needs Review / 待人工判断,night
artwork-1ba5ebc44f,artwork-1ba5ebc44f,E:\美图\眼睛特写图\玫瑰碎镜眼.png,玫瑰碎镜眼,holding-room,941,1672,0.56,45,Needs Review / 待人工判断,review
0-69,0,E:\美图\眼睛特写图\深海琉璃眼0.png,深海琉璃眼0,holding-room,941,1672,0.56,45,Needs Review / 待人工判断,review
artwork-badaf76cdf,artwork-badaf76cdf,E:\美图\眼睛特写图\糖晶心光眼.png,糖晶心光眼,holding-room,941,1672,0.56,45,Needs Review / 待人工判断,review
1-47,1,E:\美图\头像\甜妹夜景1.png,甜妹夜景1,holding-room,941,1672,0.56,45,Needs Review / 待人工判断,night
artwork-bae4143905,artwork-bae4143905,E:\美图\眼睛特写图\樱糖晨雾 · 甜美粉雾版.png,樱糖晨雾 · 甜美粉雾版,holding-room,941,1672,0.56,45,Needs Review / 待人工判断,soft-pink
artwork-5545ab6cc5,artwork-5545ab6cc5,E:\美图\眼睛特写图\月雾铃兰.png,月雾铃兰,holding-room,941,1672,0.56,45,Needs Review / 待人工判断,review
artwork-8c42d4151b,artwork-8c42d4151b,E:\美图\眼睛特写图\月雾紫星眼.png,月雾紫星眼,holding-room,941,1672,0.56,45,Needs Review / 待人工判断,review
artwork-74770ec9b8,artwork-74770ec9b8,E:\美图\传统瓷器美学\瑕疵\白瓷凝脂·纯净初晨.png,白瓷凝脂·纯净初晨,porcelain-silence,941,1672,0.56,40,Future: Porcelain Silence / 瓷白静物,review
2-12,2,E:\美图\传统瓷器美学\瑕疵\珐琅瑰宝·瑰丽少女2.png,珐琅瑰宝·瑰丽少女2,porcelain-silence,941,1672,0.56,40,Future: Porcelain Silence / 瓷白静物,review
0-70,0,E:\美图\传统瓷器美学\瑕疵\粉彩庭院·和煦午后0.png,粉彩庭院·和煦午后0,porcelain-silence,941,1672,0.56,40,Future: Porcelain Silence / 瓷白静物,soft-pink
artwork-fe7a7a52b1,artwork-fe7a7a52b1,E:\美图\传统瓷器美学\瑕疵\青花古董院·慵懒少女.png,青花古董院·慵懒少女,porcelain-silence,941,1672,0.56,40,Future: Porcelain Silence / 瓷白静物,review
1-48,1,E:\美图\传统瓷器美学\瑕疵\釉下五彩·静谧时光1.png,釉下五彩·静谧时光1,porcelain-silence,941,1672,0.56,40,Future: Porcelain Silence / 瓷白静物,review
0-71,0,E:\美图\手机壁纸\晨雾花园0(瑕疵).png,晨雾花园0(瑕疵),holding-room,941,1672,0.56,40,Needs Review / 待人工判断,review
